"Term","Label","Description","ParentTerm","RelatedTerms","Relation","Comment","Source","Created","Modified","Status","Contributors","Resolution","","","","","","","","","","","","",""
"DerivedPersonalData","Derived Personal Data","Derived data is data that is obtained or derived from other data.","dpv:PersonalDataCategory","svd:Derived","","","(DPVCG, https://www.w3.org/community/dpvcg/)","2019-05-07","","accepted","Elmar Kiesling; Harshvardhan J. Pandit, Fajar Ekaputra","https://www.w3.org/2019/05/07-dpvcg-minutes.html","","","","","","","","","","","","",""
"SpecialCategoryPersonalData","Special Category Personal Data","Personal data belonging to one of 'special categories' that are more sensitive and require additional measures","dpv:PersonalDataCategory","","","trade union membership, which is explicitly included in the taxative listing in GDPR Art. 9 (1), is not covered yet.","(GDPR Art.9-1, https://eur-lex.europa.eu/eli/reg/2016/679/art_9/par_1/oj)","2019-05-07","","accepted","Elmar Kiesling; Harshvardhan J. Pandit, Fajar Ekaputra","https://www.w3.org/2019/05/07-dpvcg-minutes.html","","","","","","","","","","","","",""
"FinancialAccountNumber","Financial Account Number","Information about financial account number","dpv:AccountIdentifier","","","","(EnterPrivacy Categories of Personal Information, https://enterprivacy.com/wp-content/uploads/2018/09/Categories-of-Personal-Information.pdf)","2019-06-04","","accepted","Elmar Kiesling; Harshvardhan J. Pandit, Fajar Ekaputra","https://www.w3.org/2019/06/04-dpvcg-minutes.html","","","","","","","","","","","","",""
"CreditCardNumber","Credit Card Number","Information about credit card number","dpv:PaymentCardNumber","","","","(EnterPrivacy Categories of Personal Information, https://enterprivacy.com/wp-content/uploads/2018/09/Categories-of-Personal-Information.pdf)","2019-06-04","","accepted","Elmar Kiesling; Harshvardhan J. Pandit, Fajar Ekaputra","https://www.w3.org/2019/06/04-dpvcg-minutes.html","","","","","","","","","","","","",""
"PINCode","PIN Code","Information about Personal identification number (PIN), which is usually used in the process of authenticating the individual as an user accessing a system.","dpv:Authenticating","","","","(EnterPrivacy Categories of Personal Information, https://enterprivacy.com/wp-content/uploads/2018/09/Categories-of-Personal-Information.pdf)","2019-06-04","","accepted","Elmar Kiesling; Harshvardhan J. Pandit, Fajar Ekaputra","https://www.w3.org/2019/06/04-dpvcg-minutes.html","","","","","","","","","","","","",""
"Password","Password","Information about password used in the process of authenticating the individual as an user accessing a system.","dpv:Authenticating","","","","(EnterPrivacy Categories of Personal Information, https://enterprivacy.com/wp-content/uploads/2018/09/Categories-of-Personal-Information.pdf)","2019-06-04","","accepted","Elmar Kiesling; Harshvardhan J. Pandit, Fajar Ekaputra","https://www.w3.org/2019/06/04-dpvcg-minutes.html","","","","","","","","","","","","",""
"SecretText","Secret Text","Information about secret text used in the process of authenticating the individual as an user accessing a system, e.g., when recovering a lost password.","dpv:Authenticating","","","","(EnterPrivacy Categories of Personal Information, https://enterprivacy.com/wp-content/uploads/2018/09/Categories-of-Personal-Information.pdf)","2019-06-04","","accepted","Elmar Kiesling; Harshvardhan J. Pandit, Fajar Ekaputra","https://www.w3.org/2019/06/04-dpvcg-minutes.html","","","","","","","","","","","","",""
"Personality","Personality","Information about personality (e.g., categorization in terms of the Big Five personality traits)","dpv:Behavioral","","","","(EnterPrivacy Categories of Personal Information, https://enterprivacy.com/wp-content/uploads/2018/09/Categories-of-Personal-Information.pdf)","2019-06-04","","accepted","Elmar Kiesling; Harshvardhan J. Pandit, Fajar Ekaputra","https://www.w3.org/2019/06/04-dpvcg-minutes.html","","","","","","","","","","","","",""
"Attitude","Attitude","Information about attitude.","dpv:Behavioral","","","","(EnterPrivacy Categories of Personal Information, https://enterprivacy.com/wp-content/uploads/2018/09/Categories-of-Personal-Information.pdf)","2019-06-04","","accepted","Elmar Kiesling; Harshvardhan J. Pandit, Fajar Ekaputra","https://www.w3.org/2019/06/04-dpvcg-minutes.html","","","","","","","","","","","","",""
"BrowsingBehavior","Browsing Behavior","Information about browsing behavior.","dpv:Behavioral","svd:OnlineActivity","","","(EnterPrivacy Categories of Personal Information, https://enterprivacy.com/wp-content/uploads/2018/09/Categories-of-Personal-Information.pdf)","2019-06-04","","accepted","Elmar Kiesling; Harshvardhan J. Pandit, Fajar Ekaputra","https://www.w3.org/2019/06/04-dpvcg-minutes.html","","","","","","","","","","","","",""
"CallLog","Call Log","Information about the calls that an individual has made.","dpv:Behavioral","","","","(EnterPrivacy Categories of Personal Information, https://enterprivacy.com/wp-content/uploads/2018/09/Categories-of-Personal-Information.pdf)","2019-06-04","","accepted","Elmar Kiesling; Harshvardhan J. Pandit, Fajar Ekaputra","https://www.w3.org/2019/06/04-dpvcg-minutes.html","","","","","","","","","","","","",""
"Demeanor","Demeanor","Information about demeanor.","dpv:Behavioral","","","","(EnterPrivacy Categories of Personal Information, https://enterprivacy.com/wp-content/uploads/2018/09/Categories-of-Personal-Information.pdf)","2019-06-04","","accepted","Elmar Kiesling; Harshvardhan J. Pandit, Fajar Ekaputra","https://www.w3.org/2019/06/04-dpvcg-minutes.html","","","","","","","","","","","","",""
"LinkClicked","LinkClicked","Information about the links that an individual has clicked.","dpv:Behavioral","svd:Navigation","","","(EnterPrivacy Categories of Personal Information, https://enterprivacy.com/wp-content/uploads/2018/09/Categories-of-Personal-Information.pdf)","2019-06-04","","accepted","Elmar Kiesling; Harshvardhan J. Pandit, Fajar Ekaputra","https://www.w3.org/2019/06/04-dpvcg-minutes.html","","","","","","","","","","","","",""
"Fingerprint","Fingerprint","Information about fingerprint used for biometric purposes.","dpv:Biometric","","","","(EnterPrivacy Categories of Personal Information, https://enterprivacy.com/wp-content/uploads/2018/09/Categories-of-Personal-Information.pdf)","2019-06-04","","accepted","Elmar Kiesling; Harshvardhan J. Pandit, Fajar Ekaputra","https://www.w3.org/2019/06/04-dpvcg-minutes.html","","","","","","","","","","","","",""
"Retina","Retina","Information about retina and the retinal patterns.","dpv:Biometric","","","","(EnterPrivacy Categories of Personal Information, https://enterprivacy.com/wp-content/uploads/2018/09/Categories-of-Personal-Information.pdf)","2019-06-04","","accepted","Elmar Kiesling; Harshvardhan J. Pandit, Fajar Ekaputra","https://www.w3.org/2019/06/04-dpvcg-minutes.html","","","","","","","","","","","","",""
"EmailContent","Email Content","Information about the contents of Emails sent or received","dpv:Communication","","","","(EnterPrivacy Categories of Personal Information, https://enterprivacy.com/wp-content/uploads/2018/09/Categories-of-Personal-Information.pdf)","2019-06-04","","accepted","Elmar Kiesling; Harshvardhan J. Pandit, Fajar Ekaputra","https://www.w3.org/2019/06/04-dpvcg-minutes.html","","","","","","","","","","","","",""
"SocialMediaCommunication","Social Media Communication","Information about social media communication, including the communication itself and metadata.","dpv:Communication","svd:Social","","","(EnterPrivacy Categories of Personal Information, https://enterprivacy.com/wp-content/uploads/2018/09/Categories-of-Personal-Information.pdf)","2019-06-04","","accepted","Elmar Kiesling; Harshvardhan J. Pandit, Fajar Ekaputra","https://www.w3.org/2019/06/04-dpvcg-minutes.html","","","","","","","","","","","","",""
"VoiceCommunicationRecording","Voice Communication Recording","Information about vocal recorded communication (e.g. telephony, VoIP)","dpv:Communication","","","","(EnterPrivacy Categories of Personal Information, https://enterprivacy.com/wp-content/uploads/2018/09/Categories-of-Personal-Information.pdf)","2019-06-04","","accepted","Elmar Kiesling; Harshvardhan J. Pandit, Fajar Ekaputra","https://www.w3.org/2019/06/04-dpvcg-minutes.html","","","","","","","","","","","","",""
"VoiceMail","Voice Mail","Information about voice mail messages.","dpv:Communication","","","","(EnterPrivacy Categories of Personal Information, https://enterprivacy.com/wp-content/uploads/2018/09/Categories-of-Personal-Information.pdf)","2019-06-04","","accepted","Elmar Kiesling; Harshvardhan J. Pandit, Fajar Ekaputra","https://www.w3.org/2019/06/04-dpvcg-minutes.html","","","","","","","","","","","","",""
"EmailAddress","Email Address","Information about Email address.","dpv:Contact","","","","(EnterPrivacy Categories of Personal Information, https://enterprivacy.com/wp-content/uploads/2018/09/Categories-of-Personal-Information.pdf)","2019-06-04","","accepted","Elmar Kiesling; Harshvardhan J. Pandit, Fajar Ekaputra","https://www.w3.org/2019/06/04-dpvcg-minutes.html","","","","","","","","","","","","",""
"PhysicalAddress","Physical Address","Information about physical address.","dpv:Contact","","","","(EnterPrivacy Categories of Personal Information, https://enterprivacy.com/wp-content/uploads/2018/09/Categories-of-Personal-Information.pdf)","2019-06-04","","accepted","Elmar Kiesling; Harshvardhan J. Pandit, Fajar Ekaputra","https://www.w3.org/2019/06/04-dpvcg-minutes.html","","","","","","","","","","","","",""
"TelephoneNumber","Telephone Number","Information about telephone number.","dpv:Contact","","","","(EnterPrivacy Categories of Personal Information, https://enterprivacy.com/wp-content/uploads/2018/09/Categories-of-Personal-Information.pdf)","2019-06-04","","accepted","Elmar Kiesling; Harshvardhan J. Pandit, Fajar Ekaputra","https://www.w3.org/2019/06/04-dpvcg-minutes.html","","","","","","","","","","","","",""
"CreditCapacity","Credit Capacity","Information about credit capacity.","dpv:Credit","","","","(EnterPrivacy Categories of Personal Information, https://enterprivacy.com/wp-content/uploads/2018/09/Categories-of-Personal-Information.pdf)","2019-06-04","","accepted","Elmar Kiesling; Harshvardhan J. Pandit, Fajar Ekaputra","https://www.w3.org/2019/06/04-dpvcg-minutes.html","","","","","","","","","","","","",""
"CreditRecord","Credit Record","Information about credit record.","dpv:Credit","","","","(EnterPrivacy Categories of Personal Information, https://enterprivacy.com/wp-content/uploads/2018/09/Categories-of-Personal-Information.pdf)","2019-06-04","","accepted","Elmar Kiesling; Harshvardhan J. Pandit, Fajar Ekaputra","https://www.w3.org/2019/06/04-dpvcg-minutes.html","","","","","","","","","","","","",""
"CreditStanding","Credit Standing","Information about credit standing.","dpv:Credit","","","","(EnterPrivacy Categories of Personal Information, https://enterprivacy.com/wp-content/uploads/2018/09/Categories-of-Personal-Information.pdf)","2019-06-04","","accepted","Elmar Kiesling; Harshvardhan J. Pandit, Fajar Ekaputra","https://www.w3.org/2019/06/04-dpvcg-minutes.html","","","","","","","","","","","","",""
"CreditWorthiness","Credit Worthiness","Information about credit worthiness.","dpv:Credit","","","","(EnterPrivacy Categories of Personal Information, https://enterprivacy.com/wp-content/uploads/2018/09/Categories-of-Personal-Information.pdf)","2019-06-04","","accepted","Elmar Kiesling; Harshvardhan J. Pandit, Fajar Ekaputra","https://www.w3.org/2019/06/04-dpvcg-minutes.html","","","","","","","","","","","","",""
"CreditScore","Credit Score","Information about credit score.","dpv:CreditWorthiness","","","","(EnterPrivacy Categories of Personal Information, https://enterprivacy.com/wp-content/uploads/2018/09/Categories-of-Personal-Information.pdf)","2019-06-04","","accepted","Elmar Kiesling; Harshvardhan J. Pandit, Fajar Ekaputra","https://www.w3.org/2019/06/04-dpvcg-minutes.html","","","","","","","","","","","","",""
"CriminalCharge","Criminal Charge","Information about criminal charges.","dpv:Criminal","","","","(EnterPrivacy Categories of Personal Information, https://enterprivacy.com/wp-content/uploads/2018/09/Categories-of-Personal-Information.pdf)","2019-06-04","","accepted","Elmar Kiesling; Harshvardhan J. Pandit, Fajar Ekaputra","https://www.w3.org/2019/06/04-dpvcg-minutes.html","","","","","","","","","","","","",""
"CriminalConviction","Criminal Conviction","Information about criminal convictions.","dpv:Criminal","","","","(EnterPrivacy Categories of Personal Information, https://enterprivacy.com/wp-content/uploads/2018/09/Categories-of-Personal-Information.pdf)","2019-06-04","","accepted","Elmar Kiesling; Harshvardhan J. Pandit, Fajar Ekaputra","https://www.w3.org/2019/06/04-dpvcg-minutes.html","","","","","","","","","","","","",""
"CriminalPardon","Criminal Pardon","Information about criminal pardons.","dpv:Criminal","","","","(EnterPrivacy Categories of Personal Information, https://enterprivacy.com/wp-content/uploads/2018/09/Categories-of-Personal-Information.pdf)","2019-06-04","","accepted","Elmar Kiesling; Harshvardhan J. Pandit, Fajar Ekaputra","https://www.w3.org/2019/06/04-dpvcg-minutes.html","","","","","","","","","","","","",""
"Geographic","Geographic","Information about location or based on geography (e.g. home address)","dpv:Demographic","","","","(EnterPrivacy Categories of Personal Information, https://enterprivacy.com/wp-content/uploads/2018/09/Categories-of-Personal-Information.pdf)","2019-06-04","","accepted","Elmar Kiesling; Harshvardhan J. Pandit, Fajar Ekaputra","https://www.w3.org/2019/06/04-dpvcg-minutes.html","","","","","","","","","","","","",""
"IncomeBracket","Income Bracket","Information about income bracket.","dpv:Demographic","","","","(EnterPrivacy Categories of Personal Information, https://enterprivacy.com/wp-content/uploads/2018/09/Categories-of-Personal-Information.pdf)","2019-06-04","","accepted","Elmar Kiesling; Harshvardhan J. Pandit, Fajar Ekaputra","https://www.w3.org/2019/06/04-dpvcg-minutes.html","","","","","","","","","","","","",""
"PhysicalTrait","Physical Trait","Information about defining traits or features regarding the body.","dpv:Demographic","","","","(EnterPrivacy Categories of Personal Information, https://enterprivacy.com/wp-content/uploads/2018/09/Categories-of-Personal-Information.pdf)","2019-06-04","","accepted","Elmar Kiesling; Harshvardhan J. Pandit, Fajar Ekaputra","https://www.w3.org/2019/06/04-dpvcg-minutes.html","","","","","","","","","","","","",""
"BrowserFingerprint","Browser Fingerprint","Information about the web browser which is used as a 'fingerprint'","dpv:DeviceBased","","","","(EnterPrivacy Categories of Personal Information, https://enterprivacy.com/wp-content/uploads/2018/09/Categories-of-Personal-Information.pdf)","2019-06-04","","accepted","Elmar Kiesling; Harshvardhan J. Pandit, Fajar Ekaputra","https://www.w3.org/2019/06/04-dpvcg-minutes.html","","","","","","","","","","","","",""
"IPAddress","IP Address","Information about the Internet protocol (IP) address of a device","dpv:DeviceBased","","","","(EnterPrivacy Categories of Personal Information, https://enterprivacy.com/wp-content/uploads/2018/09/Categories-of-Personal-Information.pdf)","2019-06-04","","accepted","Elmar Kiesling; Harshvardhan J. Pandit, Fajar Ekaputra","https://www.w3.org/2019/06/04-dpvcg-minutes.html","","","","","","","","","","","","",""
"MACAddress","MAC Address","Information about the Media Access Control (MAC) address of a device","dpv:DeviceBased","","","","(EnterPrivacy Categories of Personal Information, https://enterprivacy.com/wp-content/uploads/2018/09/Categories-of-Personal-Information.pdf)","2019-06-04","","accepted","Elmar Kiesling; Harshvardhan J. Pandit, Fajar Ekaputra","https://www.w3.org/2019/06/04-dpvcg-minutes.html","","","","","","","","","","","","",""
"EthnicOrigin","Ethnic Origin","Information about ethnic origin","dpv:Ethnicity, dpv:SpecialCategoryPersonalData","","","","(EnterPrivacy Categories of Personal Information, https://enterprivacy.com/wp-content/uploads/2018/09/Categories-of-Personal-Information.pdf)","2019-06-04","","accepted","Elmar Kiesling; Harshvardhan J. Pandit, Fajar Ekaputra","https://www.w3.org/2019/06/04-dpvcg-minutes.html","","","","","","","","","","","","",""
"Language","Language","Information about language and lingual history.","dpv:Ethnicity","","","","(EnterPrivacy Categories of Personal Information, https://enterprivacy.com/wp-content/uploads/2018/09/Categories-of-Personal-Information.pdf)","2019-06-04","","accepted","Elmar Kiesling; Harshvardhan J. Pandit, Fajar Ekaputra","https://www.w3.org/2019/06/04-dpvcg-minutes.html","","","","","","","","","","","","",""
"Race","Race","Information about race or racial history.","dpv:Ethnicity, dpv:SpecialCategoryPersonalData","","","","(EnterPrivacy Categories of Personal Information, https://enterprivacy.com/wp-content/uploads/2018/09/Categories-of-Personal-Information.pdf)","2019-06-04","","accepted","Elmar Kiesling; Harshvardhan J. Pandit, Fajar Ekaputra","https://www.w3.org/2019/06/04-dpvcg-minutes.html","","","","","","","","","","","","",""
"Behavioral","Behavioral","Information about behavior or activity","dpv:External","svd:Activity","","","(EnterPrivacy Categories of Personal Information, https://enterprivacy.com/wp-content/uploads/2018/09/Categories-of-Personal-Information.pdf)","2019-06-04","","accepted","Elmar Kiesling; Harshvardhan J. Pandit, Fajar Ekaputra","https://www.w3.org/2019/06/04-dpvcg-minutes.html","","","","","","","","","","","","",""
"Demographic","Demographic","Information about demography and demographic characteristics","dpv:External","","","","(EnterPrivacy Categories of Personal Information, https://enterprivacy.com/wp-content/uploads/2018/09/Categories-of-Personal-Information.pdf)","2019-06-04","","accepted","Elmar Kiesling; Harshvardhan J. Pandit, Fajar Ekaputra","https://www.w3.org/2019/06/04-dpvcg-minutes.html","","","","","","","","","","","","",""
"MedicalHealth","MedicalHealth","Information about health, medical conditions or health care","dpv:External, dpv:SpecialCategoryPersonalData","","","","(EnterPrivacy Categories of Personal Information, https://enterprivacy.com/wp-content/uploads/2018/09/Categories-of-Personal-Information.pdf)","2019-06-04","","accepted","Elmar Kiesling; Harshvardhan J. Pandit, Fajar Ekaputra","https://www.w3.org/2019/06/04-dpvcg-minutes.html","","","","","","","","","","","","",""
"Ethnicity","Ethnicity","Information about ethnic origins and lineage","dpv:External","","","","(EnterPrivacy Categories of Personal Information, https://enterprivacy.com/wp-content/uploads/2018/09/Categories-of-Personal-Information.pdf)","2019-06-04","","accepted","Elmar Kiesling; Harshvardhan J. Pandit, Fajar Ekaputra","https://www.w3.org/2019/06/04-dpvcg-minutes.html","","","","","","","","","","","","",""
"PhysicalCharacteristic","PhysicalCharacteristic","Information about physical characteristics","dpv:External","svd:Demographic","","","(EnterPrivacy Categories of Personal Information, https://enterprivacy.com/wp-content/uploads/2018/09/Categories-of-Personal-Information.pdf)","2019-06-04","","accepted","Elmar Kiesling; Harshvardhan J. Pandit, Fajar Ekaputra","https://www.w3.org/2019/06/04-dpvcg-minutes.html","","","","","","","","","","","","",""
"Sexual","Sexual","Information about sexuality and sexual history ","dpv:External, dpv:SpecialCategoryPersonalData","","","","(EnterPrivacy Categories of Personal Information, https://enterprivacy.com/wp-content/uploads/2018/09/Categories-of-Personal-Information.pdf)","2019-06-04","","accepted","Elmar Kiesling; Harshvardhan J. Pandit, Fajar Ekaputra","https://www.w3.org/2019/06/04-dpvcg-minutes.html","","","","","","","","","","","","",""
"Identifying","Identifying","Information that uniquely or semi-uniquely identifies an individual or a group","dpv:External","","","","(EnterPrivacy Categories of Personal Information, https://enterprivacy.com/wp-content/uploads/2018/09/Categories-of-Personal-Information.pdf)","2019-06-04","","accepted","Elmar Kiesling; Harshvardhan J. Pandit, Fajar Ekaputra","https://www.w3.org/2019/06/04-dpvcg-minutes.html","","","","","","","","","","","","",""
"FamilyStructure","Family Structure","Information about family and familial structure.","dpv:Family","","","","(EnterPrivacy Categories of Personal Information, https://enterprivacy.com/wp-content/uploads/2018/09/Categories-of-Personal-Information.pdf)","2019-06-04","","accepted","Elmar Kiesling; Harshvardhan J. Pandit, Fajar Ekaputra","https://www.w3.org/2019/06/04-dpvcg-minutes.html","","","","","","","","","","","","",""
"Relationship","Relationship","Information about relationships and relationship history.","dpv:Family","","","","(EnterPrivacy Categories of Personal Information, https://enterprivacy.com/wp-content/uploads/2018/09/Categories-of-Personal-Information.pdf)","2019-06-04","","accepted","Elmar Kiesling; Harshvardhan J. Pandit, Fajar Ekaputra","https://www.w3.org/2019/06/04-dpvcg-minutes.html","","","","","","","","","","","","",""
"Divorce","Divorce","Information about divorce(s).","dpv:FamilyStructure","","","","(EnterPrivacy Categories of Personal Information, https://enterprivacy.com/wp-content/uploads/2018/09/Categories-of-Personal-Information.pdf)","2019-06-04","","accepted","Elmar Kiesling; Harshvardhan J. Pandit, Fajar Ekaputra","https://www.w3.org/2019/06/04-dpvcg-minutes.html","","","","","","","","","","","","",""
"Marriage","Marriage","Information about marriage(s).","dpv:FamilyStructure","","","","(EnterPrivacy Categories of Personal Information, https://enterprivacy.com/wp-content/uploads/2018/09/Categories-of-Personal-Information.pdf)","2019-06-04","","accepted","Elmar Kiesling; Harshvardhan J. Pandit, Fajar Ekaputra","https://www.w3.org/2019/06/04-dpvcg-minutes.html","","","","","","","","","","","","",""
"Offspring","Offspring","Information about offspring(s).","dpv:FamilyStructure","","","","(EnterPrivacy Categories of Personal Information, https://enterprivacy.com/wp-content/uploads/2018/09/Categories-of-Personal-Information.pdf)","2019-06-04","","accepted","Elmar Kiesling; Harshvardhan J. Pandit, Fajar Ekaputra","https://www.w3.org/2019/06/04-dpvcg-minutes.html","","","","","","","","","","","","",""
"Parent","Parent","Information about parent(s).","dpv:FamilyStructure","","","","(EnterPrivacy Categories of Personal Information, https://enterprivacy.com/wp-content/uploads/2018/09/Categories-of-Personal-Information.pdf)","2019-06-04","","accepted","Elmar Kiesling; Harshvardhan J. Pandit, Fajar Ekaputra","https://www.w3.org/2019/06/04-dpvcg-minutes.html","","","","","","","","","","","","",""
"Sibling","Sibling","Information about sibling(s).","dpv:FamilyStructure","","","","(EnterPrivacy Categories of Personal Information, https://enterprivacy.com/wp-content/uploads/2018/09/Categories-of-Personal-Information.pdf)","2019-06-04","","accepted","Elmar Kiesling; Harshvardhan J. Pandit, Fajar Ekaputra","https://www.w3.org/2019/06/04-dpvcg-minutes.html","","","","","","","","","","","","",""
"FavoriteColor","Favorite Color","Information about favorite color.","dpv:Favorite","","","","(EnterPrivacy Categories of Personal Information, https://enterprivacy.com/wp-content/uploads/2018/09/Categories-of-Personal-Information.pdf)","2019-06-04","","accepted","Elmar Kiesling; Harshvardhan J. Pandit, Fajar Ekaputra","https://www.w3.org/2019/06/04-dpvcg-minutes.html","","","","","","","","","","","","",""
"FavoriteFood","Favorite Food","Information about favorite food.","dpv:Favorite","","","","(EnterPrivacy Categories of Personal Information, https://enterprivacy.com/wp-content/uploads/2018/09/Categories-of-Personal-Information.pdf)","2019-06-04","","accepted","Elmar Kiesling; Harshvardhan J. Pandit, Fajar Ekaputra","https://www.w3.org/2019/06/04-dpvcg-minutes.html","","","","","","","","","","","","",""
"FavoriteMusic","Favorite Music","Information about favorite music.","dpv:Favorite","","","","(EnterPrivacy Categories of Personal Information, https://enterprivacy.com/wp-content/uploads/2018/09/Categories-of-Personal-Information.pdf)","2019-06-04","","accepted","Elmar Kiesling; Harshvardhan J. Pandit, Fajar Ekaputra","https://www.w3.org/2019/06/04-dpvcg-minutes.html","","","","","","","","","","","","",""
"Transactional","Transactional","Information about a purchasing, spending or income","dpv:Financial","","","","(EnterPrivacy Categories of Personal Information, https://enterprivacy.com/wp-content/uploads/2018/09/Categories-of-Personal-Information.pdf)","2019-06-04","","accepted","Elmar Kiesling; Harshvardhan J. Pandit, Fajar Ekaputra","https://www.w3.org/2019/06/04-dpvcg-minutes.html","","","","","","","","","","","","",""
"Ownership","Ownership","Information about ownership and history, including renting, borrowing, possessions.","dpv:Financial","","","","(EnterPrivacy Categories of Personal Information, https://enterprivacy.com/wp-content/uploads/2018/09/Categories-of-Personal-Information.pdf)","2019-06-04","","accepted","Elmar Kiesling; Harshvardhan J. Pandit, Fajar Ekaputra","https://www.w3.org/2019/06/04-dpvcg-minutes.html","","","","","","","","","","","","",""
"FinancialAccount","Financial Account","Information about financial accounts.","dpv:Financial","","","","(EnterPrivacy Categories of Personal Information, https://enterprivacy.com/wp-content/uploads/2018/09/Categories-of-Personal-Information.pdf)","2019-06-04","","accepted","Elmar Kiesling; Harshvardhan J. Pandit, Fajar Ekaputra","https://www.w3.org/2019/06/04-dpvcg-minutes.html","","","","","","","","","","","","",""
"AccountIdentifier","Account Identifier","Information about financial account identifier.","dpv:FinancialAccount","","","","(EnterPrivacy Categories of Personal Information, https://enterprivacy.com/wp-content/uploads/2018/09/Categories-of-Personal-Information.pdf)","2019-06-04","","accepted","Elmar Kiesling; Harshvardhan J. Pandit, Fajar Ekaputra","https://www.w3.org/2019/06/04-dpvcg-minutes.html","","","","","","","","","","","","",""
"BankAccount","Bank Account","Information about bank accounts.","dpv:FinancialAccount","","","","(EnterPrivacy Categories of Personal Information, https://enterprivacy.com/wp-content/uploads/2018/09/Categories-of-Personal-Information.pdf)","2019-06-04","","accepted","Elmar Kiesling; Harshvardhan J. Pandit, Fajar Ekaputra","https://www.w3.org/2019/06/04-dpvcg-minutes.html","","","","","","","","","","","","",""
"MentalHealth","Mental Health","Information about mental health.","dpv:Health","","","","(EnterPrivacy Categories of Personal Information, https://enterprivacy.com/wp-content/uploads/2018/09/Categories-of-Personal-Information.pdf)","2019-06-04","","accepted","Elmar Kiesling; Harshvardhan J. Pandit, Fajar Ekaputra","https://www.w3.org/2019/06/04-dpvcg-minutes.html","","","","","","","","","","","","",""
"PhysicalHealth","Physical Health","Information about physical health.","dpv:Health","","","","(EnterPrivacy Categories of Personal Information, https://enterprivacy.com/wp-content/uploads/2018/09/Categories-of-Personal-Information.pdf)","2019-06-04","","accepted","Elmar Kiesling; Harshvardhan J. Pandit, Fajar Ekaputra","https://www.w3.org/2019/06/04-dpvcg-minutes.html","","","","","","","","","","","","",""
"FamilyHealthHistory","Family Health History","Information about family health history.","dpv:HealthHistory","","","","(EnterPrivacy Categories of Personal Information, https://enterprivacy.com/wp-content/uploads/2018/09/Categories-of-Personal-Information.pdf)","2019-06-04","","accepted","Elmar Kiesling; Harshvardhan J. Pandit, Fajar Ekaputra","https://www.w3.org/2019/06/04-dpvcg-minutes.html","","","","","","","","","","","","",""
"IndividualHealthHistory","Individual Health History","Information about information health history.","dpv:HealthHistory","","","","(EnterPrivacy Categories of Personal Information, https://enterprivacy.com/wp-content/uploads/2018/09/Categories-of-Personal-Information.pdf)","2019-06-04","","accepted","Elmar Kiesling; Harshvardhan J. Pandit, Fajar Ekaputra","https://www.w3.org/2019/06/04-dpvcg-minutes.html","","","","","","","","","","","","",""
"LifeHistory","Life History","Information about personal history regarding events or activities - including  their occurrences that might be directly related or have had an influence (e.g. World War, 9/11)","dpv:Historical","","","","(EnterPrivacy Categories of Personal Information, https://enterprivacy.com/wp-content/uploads/2018/09/Categories-of-Personal-Information.pdf)","2019-06-04","","accepted","Elmar Kiesling; Harshvardhan J. Pandit, Fajar Ekaputra","https://www.w3.org/2019/06/04-dpvcg-minutes.html","","","","","","","","","","","","",""
"ApartmentOwned","Apartment Owned","Information about apartment(s) owned and its history","dpv:HouseOwned","","","","(EnterPrivacy Categories of Personal Information, https://enterprivacy.com/wp-content/uploads/2018/09/Categories-of-Personal-Information.pdf)","2019-06-04","","accepted","Elmar Kiesling; Harshvardhan J. Pandit, Fajar Ekaputra","https://www.w3.org/2019/06/04-dpvcg-minutes.html","","","","","","","","","","","","",""
"Biometric","Biometric","Information about biometrics and biometric characteristics.","dpv:Identifying, dpv:SpecialCategoryPersonalData","","","","(EnterPrivacy Categories of Personal Information, https://enterprivacy.com/wp-content/uploads/2018/09/Categories-of-Personal-Information.pdf)","2019-06-04","","accepted","Elmar Kiesling; Harshvardhan J. Pandit, Fajar Ekaputra","https://www.w3.org/2019/06/04-dpvcg-minutes.html","","","","","","","","","","","","",""
"Name","Name","Information about names associated or used as given name or nickname.","dpv:Identifying","","","","(EnterPrivacy Categories of Personal Information, https://enterprivacy.com/wp-content/uploads/2018/09/Categories-of-Personal-Information.pdf)","2019-06-04","","accepted","Elmar Kiesling; Harshvardhan J. Pandit, Fajar Ekaputra","https://www.w3.org/2019/06/04-dpvcg-minutes.html","","","","","","","","","","","","",""
"OfficialID","Official ID","Information about an official identifier or identification document ","dpv:Identifying","svd:Government","","","(EnterPrivacy Categories of Personal Information, https://enterprivacy.com/wp-content/uploads/2018/09/Categories-of-Personal-Information.pdf)","2019-06-04","","accepted","Elmar Kiesling; Harshvardhan J. Pandit, Fajar Ekaputra","https://www.w3.org/2019/06/04-dpvcg-minutes.html","","","","","","","","","","","","",""
"Picture","Picture","Information about visual representation or image e.g. profile photo.","dpv:Identifying","","","","(EnterPrivacy Categories of Personal Information, https://enterprivacy.com/wp-content/uploads/2018/09/Categories-of-Personal-Information.pdf)","2019-06-04","","accepted","Elmar Kiesling; Harshvardhan J. Pandit, Fajar Ekaputra","https://www.w3.org/2019/06/04-dpvcg-minutes.html","","","","","","","","","","","","",""
"UID","UID","Information about unique identifiers.","dpv:Identifying","svd:UniqueId","","","(EnterPrivacy Categories of Personal Information, https://enterprivacy.com/wp-content/uploads/2018/09/Categories-of-Personal-Information.pdf)","2019-06-04","","accepted","Elmar Kiesling; Harshvardhan J. Pandit, Fajar Ekaputra","https://www.w3.org/2019/06/04-dpvcg-minutes.html","","","","","","","","","","","","",""
"Username","Username","Information about usernames.","dpv:Identifying","","","","(EnterPrivacy Categories of Personal Information, https://enterprivacy.com/wp-content/uploads/2018/09/Categories-of-Personal-Information.pdf)","2019-06-04","","accepted","Elmar Kiesling; Harshvardhan J. Pandit, Fajar Ekaputra","https://www.w3.org/2019/06/04-dpvcg-minutes.html","","","","","","","","","","","","",""
"Dislike","Dislike","Information about dislikes or preferences regarding repulsions.","dpv:Interest","","","","(EnterPrivacy Categories of Personal Information, https://enterprivacy.com/wp-content/uploads/2018/09/Categories-of-Personal-Information.pdf)","2019-06-04","","accepted","Elmar Kiesling; Harshvardhan J. Pandit, Fajar Ekaputra","https://www.w3.org/2019/06/04-dpvcg-minutes.html","","","","","","","","","","","","",""
"Like","Like","Information about likes or preferences regarding attractions.","dpv:Interest","","","","(EnterPrivacy Categories of Personal Information, https://enterprivacy.com/wp-content/uploads/2018/09/Categories-of-Personal-Information.pdf)","2019-06-04","","accepted","Elmar Kiesling; Harshvardhan J. Pandit, Fajar Ekaputra","https://www.w3.org/2019/06/04-dpvcg-minutes.html","","","","","","","","","","","","",""
"Preference","Preference","Information about preferences or interests","dpv:Internal","svd:Preference","","","(EnterPrivacy Categories of Personal Information, https://enterprivacy.com/wp-content/uploads/2018/09/Categories-of-Personal-Information.pdf)","2019-06-04","","accepted","Elmar Kiesling; Harshvardhan J. Pandit, Fajar Ekaputra","https://www.w3.org/2019/06/04-dpvcg-minutes.html","","","","","","","","","","","","",""
"KnowledgeBelief","Knowledge and Beliefs","Information about knowledge and beliefs","dpv:Internal","","","","(EnterPrivacy Categories of Personal Information, https://enterprivacy.com/wp-content/uploads/2018/09/Categories-of-Personal-Information.pdf)","2019-06-04","","accepted","Elmar Kiesling; Harshvardhan J. Pandit, Fajar Ekaputra","https://www.w3.org/2019/06/04-dpvcg-minutes.html","","","","","","","","","","","","",""
"Authenticating","Authenticating","Information about authentication and information used for authenticating","dpv:Internal","","","","(EnterPrivacy Categories of Personal Information, https://enterprivacy.com/wp-content/uploads/2018/09/Categories-of-Personal-Information.pdf)","2019-06-04","","accepted","Elmar Kiesling; Harshvardhan J. Pandit, Fajar Ekaputra","https://www.w3.org/2019/06/04-dpvcg-minutes.html","","","","","","","","","","","","",""
"PhilosophicalBelief","Philosophical Belief","Information about philosophical beliefs.","dpv:KnowledgeBelief, dpv:SpecialCategoryPersonalData","","","","(EnterPrivacy Categories of Personal Information, https://enterprivacy.com/wp-content/uploads/2018/09/Categories-of-Personal-Information.pdf)","2019-06-04","","accepted","Elmar Kiesling; Harshvardhan J. Pandit, Fajar Ekaputra","https://www.w3.org/2019/06/04-dpvcg-minutes.html","","","","","","","","","","","","",""
"ReligiousBelief","Religious Belief","Information about religion and religious beliefs.","dpv:KnowledgeBelief, dpv:SpecialCategoryPersonalData","","","","(EnterPrivacy Categories of Personal Information, https://enterprivacy.com/wp-content/uploads/2018/09/Categories-of-Personal-Information.pdf)","2019-06-04","","accepted","Elmar Kiesling; Harshvardhan J. Pandit, Fajar Ekaputra","https://www.w3.org/2019/06/04-dpvcg-minutes.html","","","","","","","","","","","","",""
"Thought","Thought","Information about thoughts","dpv:KnowledgeBelief","","","","(EnterPrivacy Categories of Personal Information, https://enterprivacy.com/wp-content/uploads/2018/09/Categories-of-Personal-Information.pdf)","2019-06-04","","accepted","Elmar Kiesling; Harshvardhan J. Pandit, Fajar Ekaputra","https://www.w3.org/2019/06/04-dpvcg-minutes.html","","","","","","","","","","","","",""
"Accent","Accent","Information about linguistic and speech accents.","dpv:Language","","","","(EnterPrivacy Categories of Personal Information, https://enterprivacy.com/wp-content/uploads/2018/09/Categories-of-Personal-Information.pdf)","2019-06-04","","accepted","Elmar Kiesling; Harshvardhan J. Pandit, Fajar Ekaputra","https://www.w3.org/2019/06/04-dpvcg-minutes.html","","","","","","","","","","","","",""
"Dialect","Dialect","Information about linguistic dialects.","dpv:Language","","","","(EnterPrivacy Categories of Personal Information, https://enterprivacy.com/wp-content/uploads/2018/09/Categories-of-Personal-Information.pdf)","2019-06-04","","accepted","Elmar Kiesling; Harshvardhan J. Pandit, Fajar Ekaputra","https://www.w3.org/2019/06/04-dpvcg-minutes.html","","","","","","","","","","","","",""
"Country","Country","Information about country e.g. residence, travel.","dpv:Location","","","","(EnterPrivacy Categories of Personal Information, https://enterprivacy.com/wp-content/uploads/2018/09/Categories-of-Personal-Information.pdf)","2019-06-04","","accepted","Elmar Kiesling; Harshvardhan J. Pandit, Fajar Ekaputra","https://www.w3.org/2019/06/04-dpvcg-minutes.html","","","","","","","","","","","","",""
"GPSCoordinate","GPS Coordinate","Information about location expressed using Global Position System coordinates (GPS)","dpv:Location","","","","(EnterPrivacy Categories of Personal Information, https://enterprivacy.com/wp-content/uploads/2018/09/Categories-of-Personal-Information.pdf)","2019-06-04","","accepted","Elmar Kiesling; Harshvardhan J. Pandit, Fajar Ekaputra","https://www.w3.org/2019/06/04-dpvcg-minutes.html","","","","","","","","","","","","",""
"RoomNumber","Room Number","Information about location expressed as Room number or similar numbering systems","dpv:Location","","","","(EnterPrivacy Categories of Personal Information, https://enterprivacy.com/wp-content/uploads/2018/09/Categories-of-Personal-Information.pdf)","2019-06-04","","accepted","Elmar Kiesling; Harshvardhan J. Pandit, Fajar Ekaputra","https://www.w3.org/2019/06/04-dpvcg-minutes.html","","","","","","","","","","","","",""
"BloodType","Blood Type","Information about blood type.","dpv:MedicalHealth","","","","(EnterPrivacy Categories of Personal Information, https://enterprivacy.com/wp-content/uploads/2018/09/Categories-of-Personal-Information.pdf)","2019-06-04","","accepted","Elmar Kiesling; Harshvardhan J. Pandit, Fajar Ekaputra","https://www.w3.org/2019/06/04-dpvcg-minutes.html","","","","","","","","","","","","",""
"DNACode","DNA Code","Information about DNA.","dpv:MedicalHealth","","","","(EnterPrivacy Categories of Personal Information, https://enterprivacy.com/wp-content/uploads/2018/09/Categories-of-Personal-Information.pdf)","2019-06-04","","accepted","Elmar Kiesling; Harshvardhan J. Pandit, Fajar Ekaputra","https://www.w3.org/2019/06/04-dpvcg-minutes.html","","","","","","","","","","","","",""
"Disability","Disability","Information about disabilities.","dpv:MedicalHealth","","","","(EnterPrivacy Categories of Personal Information, https://enterprivacy.com/wp-content/uploads/2018/09/Categories-of-Personal-Information.pdf)","2019-06-04","","accepted","Elmar Kiesling; Harshvardhan J. Pandit, Fajar Ekaputra","https://www.w3.org/2019/06/04-dpvcg-minutes.html","","","","","","","","","","","","",""
"DrugTestResult","Drug Test Result","Information about drug test results.","dpv:MedicalHealth","","","","(EnterPrivacy Categories of Personal Information, https://enterprivacy.com/wp-content/uploads/2018/09/Categories-of-Personal-Information.pdf)","2019-06-04","","accepted","Elmar Kiesling; Harshvardhan J. Pandit, Fajar Ekaputra","https://www.w3.org/2019/06/04-dpvcg-minutes.html","","","","","","","","","","","","",""
"Health","Health","Information about health.","dpv:MedicalHealth","svd:Health","","","(EnterPrivacy Categories of Personal Information, https://enterprivacy.com/wp-content/uploads/2018/09/Categories-of-Personal-Information.pdf)","2019-06-04","","accepted","Elmar Kiesling; Harshvardhan J. Pandit, Fajar Ekaputra","https://www.w3.org/2019/06/04-dpvcg-minutes.html","","","","","","","","","","","","",""
"HealthHistory","Health History","Information about health history.","dpv:MedicalHealth","","","","(EnterPrivacy Categories of Personal Information, https://enterprivacy.com/wp-content/uploads/2018/09/Categories-of-Personal-Information.pdf)","2019-06-04","","accepted","Elmar Kiesling; Harshvardhan J. Pandit, Fajar Ekaputra","https://www.w3.org/2019/06/04-dpvcg-minutes.html","","","","","","","","","","","","",""
"HealthRecord","Health Record","Information about health record.","dpv:MedicalHealth","","","","(EnterPrivacy Categories of Personal Information, https://enterprivacy.com/wp-content/uploads/2018/09/Categories-of-Personal-Information.pdf)","2019-06-04","","accepted","Elmar Kiesling; Harshvardhan J. Pandit, Fajar Ekaputra","https://www.w3.org/2019/06/04-dpvcg-minutes.html","","","","","","","","","","","","",""
"Prescription","Prescription","Information about medical and pharmaceutical prescriptions","dpv:MedicalHealth","","","","(EnterPrivacy Categories of Personal Information, https://enterprivacy.com/wp-content/uploads/2018/09/Categories-of-Personal-Information.pdf)","2019-06-04","","accepted","Elmar Kiesling; Harshvardhan J. Pandit, Fajar Ekaputra","https://www.w3.org/2019/06/04-dpvcg-minutes.html","","","","","","","","","","","","",""
"CarOwned","Car Owned","Information about cars ownership and ownership history.","dpv:Ownership","","","","(EnterPrivacy Categories of Personal Information, https://enterprivacy.com/wp-content/uploads/2018/09/Categories-of-Personal-Information.pdf)","2019-06-04","","accepted","Elmar Kiesling; Harshvardhan J. Pandit, Fajar Ekaputra","https://www.w3.org/2019/06/04-dpvcg-minutes.html","","","","","","","","","","","","",""
"HouseOwned","House Owned","Information about house(s) owned and ownership history.","dpv:Ownership","","","","(EnterPrivacy Categories of Personal Information, https://enterprivacy.com/wp-content/uploads/2018/09/Categories-of-Personal-Information.pdf)","2019-06-04","","accepted","Elmar Kiesling; Harshvardhan J. Pandit, Fajar Ekaputra","https://www.w3.org/2019/06/04-dpvcg-minutes.html","","","","","","","","","","","","",""
"PersonalPossession","Personal Possession","Information about personal possessions.","dpv:Ownership","","","","(EnterPrivacy Categories of Personal Information, https://enterprivacy.com/wp-content/uploads/2018/09/Categories-of-Personal-Information.pdf)","2019-06-04","","accepted","Elmar Kiesling; Harshvardhan J. Pandit, Fajar Ekaputra","https://www.w3.org/2019/06/04-dpvcg-minutes.html","","","","","","","","","","","","",""
"Historical","Historical","Information about historical data related to or relevant regarding history or past events","dpv:PersonalDataCategory","","","","(EnterPrivacy Categories of Personal Information, https://enterprivacy.com/wp-content/uploads/2018/09/Categories-of-Personal-Information.pdf)","2019-06-04","","accepted","Elmar Kiesling; Harshvardhan J. Pandit, Fajar Ekaputra","https://www.w3.org/2019/06/04-dpvcg-minutes.html","","","","","","","","","","","","",""
"External","External","Information about external characteristics that can be observed","dpv:PersonalDataCategory","","","","(EnterPrivacy Categories of Personal Information, https://enterprivacy.com/wp-content/uploads/2018/09/Categories-of-Personal-Information.pdf)","2019-06-04","","accepted","Elmar Kiesling; Harshvardhan J. Pandit, Fajar Ekaputra","https://www.w3.org/2019/06/04-dpvcg-minutes.html","","","","","","","","","","","","",""
"Internal","Internal","Informatoin about internal characteristics that cannot be seen or observed","dpv:PersonalDataCategory","","","","(EnterPrivacy Categories of Personal Information, https://enterprivacy.com/wp-content/uploads/2018/09/Categories-of-Personal-Information.pdf)","2019-06-04","","accepted","Elmar Kiesling; Harshvardhan J. Pandit, Fajar Ekaputra","https://www.w3.org/2019/06/04-dpvcg-minutes.html","","","","","","","","","","","","",""
"Social","Social","Information about social aspects such as family, public life, or professional networks.","dpv:PersonalDataCategory","","","","(EnterPrivacy Categories of Personal Information, https://enterprivacy.com/wp-content/uploads/2018/09/Categories-of-Personal-Information.pdf)","2019-06-04","","accepted","Elmar Kiesling; Harshvardhan J. Pandit, Fajar Ekaputra","https://www.w3.org/2019/06/04-dpvcg-minutes.html","","","","","","","","","","","","",""
"Financial","Financial","Information about finance including monetary characteristics and transactions","dpv:PersonalDataCategory","svd:Financial","","","(EnterPrivacy Categories of Personal Information, https://enterprivacy.com/wp-content/uploads/2018/09/Categories-of-Personal-Information.pdf)","2019-06-04","","accepted","Elmar Kiesling; Harshvardhan J. Pandit, Fajar Ekaputra","https://www.w3.org/2019/06/04-dpvcg-minutes.html","","","","","","","","","","","","",""
"Tracking","Tracking","Information used to track an individual or group e.g. location or email","dpv:PersonalDataCategory","","","","(EnterPrivacy Categories of Personal Information, https://enterprivacy.com/wp-content/uploads/2018/09/Categories-of-Personal-Information.pdf)","2019-06-04","","accepted","Elmar Kiesling; Harshvardhan J. Pandit, Fajar Ekaputra","https://www.w3.org/2019/06/04-dpvcg-minutes.html","","","","","","","","","","","","",""
"Age","Age","Information about age","dpv:PhysicalCharacteristic","","","","(EnterPrivacy Categories of Personal Information, https://enterprivacy.com/wp-content/uploads/2018/09/Categories-of-Personal-Information.pdf)","2019-06-04","","accepted","Elmar Kiesling; Harshvardhan J. Pandit, Fajar Ekaputra","https://www.w3.org/2019/06/04-dpvcg-minutes.html","","","","","","","","","","","","",""
"Gender","Gender","Information about gender","dpv:PhysicalCharacteristic","","","","(EnterPrivacy Categories of Personal Information, https://enterprivacy.com/wp-content/uploads/2018/09/Categories-of-Personal-Information.pdf)","2019-06-04","","accepted","Elmar Kiesling; Harshvardhan J. Pandit, Fajar Ekaputra","https://www.w3.org/2019/06/04-dpvcg-minutes.html","","","","","","","","","","","","",""
"HairColor","Hair Color","Information about hair color","dpv:PhysicalCharacteristic","","","","(EnterPrivacy Categories of Personal Information, https://enterprivacy.com/wp-content/uploads/2018/09/Categories-of-Personal-Information.pdf)","2019-06-04","","accepted","Elmar Kiesling; Harshvardhan J. Pandit, Fajar Ekaputra","https://www.w3.org/2019/06/04-dpvcg-minutes.html","","","","","","","","","","","","",""
"Height","Height","Information about physical height","dpv:PhysicalCharacteristic","","","","(EnterPrivacy Categories of Personal Information, https://enterprivacy.com/wp-content/uploads/2018/09/Categories-of-Personal-Information.pdf)","2019-06-04","","accepted","Elmar Kiesling; Harshvardhan J. Pandit, Fajar Ekaputra","https://www.w3.org/2019/06/04-dpvcg-minutes.html","","","","","","","","","","","","",""
"Piercing","Piercing","Information about piercings","dpv:PhysicalCharacteristic","","","","(EnterPrivacy Categories of Personal Information, https://enterprivacy.com/wp-content/uploads/2018/09/Categories-of-Personal-Information.pdf)","2019-06-04","","accepted","Elmar Kiesling; Harshvardhan J. Pandit, Fajar Ekaputra","https://www.w3.org/2019/06/04-dpvcg-minutes.html","","","","","","","","","","","","",""
"SkinTone","Skin Tone","Information about skin tone","dpv:PhysicalCharacteristic","","","","(EnterPrivacy Categories of Personal Information, https://enterprivacy.com/wp-content/uploads/2018/09/Categories-of-Personal-Information.pdf)","2019-06-04","","accepted","Elmar Kiesling; Harshvardhan J. Pandit, Fajar Ekaputra","https://www.w3.org/2019/06/04-dpvcg-minutes.html","","","","","","","","","","","","",""
"Tattoo","Tattoo","Information about tattoos","dpv:PhysicalCharacteristic","","","","(EnterPrivacy Categories of Personal Information, https://enterprivacy.com/wp-content/uploads/2018/09/Categories-of-Personal-Information.pdf)","2019-06-04","","accepted","Elmar Kiesling; Harshvardhan J. Pandit, Fajar Ekaputra","https://www.w3.org/2019/06/04-dpvcg-minutes.html","","","","","","","","","","","","",""
"Weight","Weight","Information about physical weight","dpv:PhysicalCharacteristic","","","","(EnterPrivacy Categories of Personal Information, https://enterprivacy.com/wp-content/uploads/2018/09/Categories-of-Personal-Information.pdf)","2019-06-04","","accepted","Elmar Kiesling; Harshvardhan J. Pandit, Fajar Ekaputra","https://www.w3.org/2019/06/04-dpvcg-minutes.html","","","","","","","","","","","","",""
"Favorite","Favorite","Information about favorites","dpv:Preference","","","","(EnterPrivacy Categories of Personal Information, https://enterprivacy.com/wp-content/uploads/2018/09/Categories-of-Personal-Information.pdf)","2019-06-04","","accepted","Elmar Kiesling; Harshvardhan J. Pandit, Fajar Ekaputra","https://www.w3.org/2019/06/04-dpvcg-minutes.html","","","","","","","","","","","","",""
"Intention","Intention","Information about intentions","dpv:Preference","","","","(EnterPrivacy Categories of Personal Information, https://enterprivacy.com/wp-content/uploads/2018/09/Categories-of-Personal-Information.pdf)","2019-06-04","","accepted","Elmar Kiesling; Harshvardhan J. Pandit, Fajar Ekaputra","https://www.w3.org/2019/06/04-dpvcg-minutes.html","","","","","","","","","","","","",""
"Interest","Interest","Information about interests","dpv:Preference","","","","(EnterPrivacy Categories of Personal Information, https://enterprivacy.com/wp-content/uploads/2018/09/Categories-of-Personal-Information.pdf)","2019-06-04","","accepted","Elmar Kiesling; Harshvardhan J. Pandit, Fajar Ekaputra","https://www.w3.org/2019/06/04-dpvcg-minutes.html","","","","","","","","","","","","",""
"Opinion","Opinion","Information about opinions","dpv:Preference","","","","(EnterPrivacy Categories of Personal Information, https://enterprivacy.com/wp-content/uploads/2018/09/Categories-of-Personal-Information.pdf)","2019-06-04","","accepted","Elmar Kiesling; Harshvardhan J. Pandit, Fajar Ekaputra","https://www.w3.org/2019/06/04-dpvcg-minutes.html","","","","","","","","","","","","",""
"PrivacyPreference","Privacy Preference","Information about privacy preferences","dpv:Preference","","","","(EnterPrivacy Categories of Personal Information, https://enterprivacy.com/wp-content/uploads/2018/09/Categories-of-Personal-Information.pdf)","2019-06-04","","accepted","Elmar Kiesling; Harshvardhan J. Pandit, Fajar Ekaputra","https://www.w3.org/2019/06/04-dpvcg-minutes.html","","","","","","","","","","","","",""
"ProfessionalCertification","Professional Certification","Information about professional certifications","dpv:Professional","","","","(EnterPrivacy Categories of Personal Information, https://enterprivacy.com/wp-content/uploads/2018/09/Categories-of-Personal-Information.pdf)","2019-06-04","","accepted","Elmar Kiesling; Harshvardhan J. Pandit, Fajar Ekaputra","https://www.w3.org/2019/06/04-dpvcg-minutes.html","","","","","","","","","","","","",""
"DisciplinaryAction","Disciplinary Action","Information about disciplinary actions and its history","dpv:Professional","","","","(EnterPrivacy Categories of Personal Information, https://enterprivacy.com/wp-content/uploads/2018/09/Categories-of-Personal-Information.pdf)","2019-06-04","","accepted","Elmar Kiesling; Harshvardhan J. Pandit, Fajar Ekaputra","https://www.w3.org/2019/06/04-dpvcg-minutes.html","","","","","","","","","","","","",""
"EmploymentHistory","Employment History","Information about employment history","dpv:Professional","","","","(EnterPrivacy Categories of Personal Information, https://enterprivacy.com/wp-content/uploads/2018/09/Categories-of-Personal-Information.pdf)","2019-06-04","","accepted","Elmar Kiesling; Harshvardhan J. Pandit, Fajar Ekaputra","https://www.w3.org/2019/06/04-dpvcg-minutes.html","","","","","","","","","","","","",""
"Job","Job","Information about professional jobs","dpv:Professional","","","","(EnterPrivacy Categories of Personal Information, https://enterprivacy.com/wp-content/uploads/2018/09/Categories-of-Personal-Information.pdf)","2019-06-04","","accepted","Elmar Kiesling; Harshvardhan J. Pandit, Fajar Ekaputra","https://www.w3.org/2019/06/04-dpvcg-minutes.html","","","","","","","","","","","","",""
"ProfessionalEvaluation","Professional Evaluation","Information about professional evaluations","dpv:Professional","","","","(EnterPrivacy Categories of Personal Information, https://enterprivacy.com/wp-content/uploads/2018/09/Categories-of-Personal-Information.pdf)","2019-06-04","","accepted","Elmar Kiesling; Harshvardhan J. Pandit, Fajar Ekaputra","https://www.w3.org/2019/06/04-dpvcg-minutes.html","","","","","","","","","","","","",""
"ProfessionalInterview","Professional Interview","Information about professional interviews","dpv:Professional","","","","(EnterPrivacy Categories of Personal Information, https://enterprivacy.com/wp-content/uploads/2018/09/Categories-of-Personal-Information.pdf)","2019-06-04","","accepted","Elmar Kiesling; Harshvardhan J. Pandit, Fajar Ekaputra","https://www.w3.org/2019/06/04-dpvcg-minutes.html","","","","","","","","","","","","",""
"Reference","Reference","Information about references in the professional context","dpv:Professional","","","","(EnterPrivacy Categories of Personal Information, https://enterprivacy.com/wp-content/uploads/2018/09/Categories-of-Personal-Information.pdf)","2019-06-04","","accepted","Elmar Kiesling; Harshvardhan J. Pandit, Fajar Ekaputra","https://www.w3.org/2019/06/04-dpvcg-minutes.html","","","","","","","","","","","","",""
"Salary","Salary","Information about salary","dpv:Professional","","","","(EnterPrivacy Categories of Personal Information, https://enterprivacy.com/wp-content/uploads/2018/09/Categories-of-Personal-Information.pdf)","2019-06-04","","accepted","Elmar Kiesling; Harshvardhan J. Pandit, Fajar Ekaputra","https://www.w3.org/2019/06/04-dpvcg-minutes.html","","","","","","","","","","","","",""
"School","School","Information about school such as name of school, conduct, or grades obtained.","dpv:Professional","","","","(EnterPrivacy Categories of Personal Information, https://enterprivacy.com/wp-content/uploads/2018/09/Categories-of-Personal-Information.pdf)","2019-06-04","","accepted","Elmar Kiesling; Harshvardhan J. Pandit, Fajar Ekaputra","https://www.w3.org/2019/06/04-dpvcg-minutes.html","","","","","","","","","","","","",""
"WorkHistory","Work History","Information about work history in a professional context","dpv:Professional","","","","(EnterPrivacy Categories of Personal Information, https://enterprivacy.com/wp-content/uploads/2018/09/Categories-of-Personal-Information.pdf)","2019-06-04","","accepted","Elmar Kiesling; Harshvardhan J. Pandit, Fajar Ekaputra","https://www.w3.org/2019/06/04-dpvcg-minutes.html","","","","","","","","","","","","",""
"Character","Character","Information about character in the public sphere","dpv:PublicLife","","","","(EnterPrivacy Categories of Personal Information, https://enterprivacy.com/wp-content/uploads/2018/09/Categories-of-Personal-Information.pdf)","2019-06-04","","accepted","Elmar Kiesling; Harshvardhan J. Pandit, Fajar Ekaputra","https://www.w3.org/2019/06/04-dpvcg-minutes.html","","","","","","","","","","","","",""
"CommunicationsMetadata","Communications Metadata","Information about communication metadata in the public sphere","dpv:PublicLife","svd:Interactive","","","(EnterPrivacy Categories of Personal Information, https://enterprivacy.com/wp-content/uploads/2018/09/Categories-of-Personal-Information.pdf)","2019-06-04","","accepted","Elmar Kiesling; Harshvardhan J. Pandit, Fajar Ekaputra","https://www.w3.org/2019/06/04-dpvcg-minutes.html","","","","","","","","","","","","",""
"GeneralReputation","General Reputation","Information about reputation in the public sphere","dpv:PublicLife","","","","(EnterPrivacy Categories of Personal Information, https://enterprivacy.com/wp-content/uploads/2018/09/Categories-of-Personal-Information.pdf)","2019-06-04","","accepted","Elmar Kiesling; Harshvardhan J. Pandit, Fajar Ekaputra","https://www.w3.org/2019/06/04-dpvcg-minutes.html","","","","","","","","","","","","",""
"Interaction","Interaction","Information about interactions in the public sphere","dpv:PublicLife","","","","(EnterPrivacy Categories of Personal Information, https://enterprivacy.com/wp-content/uploads/2018/09/Categories-of-Personal-Information.pdf)","2019-06-04","","accepted","Elmar Kiesling; Harshvardhan J. Pandit, Fajar Ekaputra","https://www.w3.org/2019/06/04-dpvcg-minutes.html","","","","","","","","","","","","",""
"MaritalStatus","Marital Status","Information about marital status and history","dpv:PublicLife","","","","(EnterPrivacy Categories of Personal Information, https://enterprivacy.com/wp-content/uploads/2018/09/Categories-of-Personal-Information.pdf)","2019-06-04","","accepted","Elmar Kiesling; Harshvardhan J. Pandit, Fajar Ekaputra","https://www.w3.org/2019/06/04-dpvcg-minutes.html","","","","","","","","","","","","",""
"PoliticalAffiliation","Political Affiliation","Information about political affiliation and history","dpv:PublicLife, dpv:SpecialCategoryPersonalData","svd:Political","","","(EnterPrivacy Categories of Personal Information, https://enterprivacy.com/wp-content/uploads/2018/09/Categories-of-Personal-Information.pdf)","2019-06-04","","accepted","Elmar Kiesling; Harshvardhan J. Pandit, Fajar Ekaputra","https://www.w3.org/2019/06/04-dpvcg-minutes.html","","","","","","","","","","","","",""
"Religion","Religion","Information about religion, religious inclinations, and religious history.","dpv:PublicLife, dpv:SpecialCategoryPersonalData","","","","(EnterPrivacy Categories of Personal Information, https://enterprivacy.com/wp-content/uploads/2018/09/Categories-of-Personal-Information.pdf)","2019-06-04","","accepted","Elmar Kiesling; Harshvardhan J. Pandit, Fajar Ekaputra","https://www.w3.org/2019/06/04-dpvcg-minutes.html","","","","","","","","","","","","",""
"SocialStatus","Social Status","Information about social status","dpv:PublicLife","","","","(EnterPrivacy Categories of Personal Information, https://enterprivacy.com/wp-content/uploads/2018/09/Categories-of-Personal-Information.pdf)","2019-06-04","","accepted","Elmar Kiesling; Harshvardhan J. Pandit, Fajar Ekaputra","https://www.w3.org/2019/06/04-dpvcg-minutes.html","","","","","","","","","","","","",""
"Fetish","Fetish","Information an individual's sexual fetishes","dpv:Sexual","","","","(EnterPrivacy Categories of Personal Information, https://enterprivacy.com/wp-content/uploads/2018/09/Categories-of-Personal-Information.pdf)","2019-06-04","","accepted","Elmar Kiesling; Harshvardhan J. Pandit, Fajar Ekaputra","https://www.w3.org/2019/06/04-dpvcg-minutes.html","","","","","","","","","","","","",""
"Proclivitie","Proclivitie","Information about proclivities in a sexual context","dpv:Sexual","","","","(EnterPrivacy Categories of Personal Information, https://enterprivacy.com/wp-content/uploads/2018/09/Categories-of-Personal-Information.pdf)","2019-06-04","","accepted","Elmar Kiesling; Harshvardhan J. Pandit, Fajar Ekaputra","https://www.w3.org/2019/06/04-dpvcg-minutes.html","","","","","","","","","","","","",""
"SexualHistory","Sexual History","Information about sexual history","dpv:Sexual","","","","(EnterPrivacy Categories of Personal Information, https://enterprivacy.com/wp-content/uploads/2018/09/Categories-of-Personal-Information.pdf)","2019-06-04","","accepted","Elmar Kiesling; Harshvardhan J. Pandit, Fajar Ekaputra","https://www.w3.org/2019/06/04-dpvcg-minutes.html","","","","","","","","","","","","",""
"SexualPreference","Sexual Preference","Information about sexual preferences","dpv:Sexual","","","","(EnterPrivacy Categories of Personal Information, https://enterprivacy.com/wp-content/uploads/2018/09/Categories-of-Personal-Information.pdf)","2019-06-04","","accepted","Elmar Kiesling; Harshvardhan J. Pandit, Fajar Ekaputra","https://www.w3.org/2019/06/04-dpvcg-minutes.html","","","","","","","","","","","","",""
"Criminal","Criminal","Information about criminal activity e.g. criminal convictions or jail time","dpv:Social","svd:Judicial","","","(EnterPrivacy Categories of Personal Information, https://enterprivacy.com/wp-content/uploads/2018/09/Categories-of-Personal-Information.pdf)","2019-06-04","","accepted","Elmar Kiesling; Harshvardhan J. Pandit, Fajar Ekaputra","https://www.w3.org/2019/06/04-dpvcg-minutes.html","","","","","","","","","","","","",""
"Professional","Professional","Information about educational or professional career","dpv:Social","","","","(EnterPrivacy Categories of Personal Information, https://enterprivacy.com/wp-content/uploads/2018/09/Categories-of-Personal-Information.pdf)","2019-06-04","","accepted","Elmar Kiesling; Harshvardhan J. Pandit, Fajar Ekaputra","https://www.w3.org/2019/06/04-dpvcg-minutes.html","","","","","","","","","","","","",""
"Family","Family","Information about family and relationships","dpv:Social","","","","(EnterPrivacy Categories of Personal Information, https://enterprivacy.com/wp-content/uploads/2018/09/Categories-of-Personal-Information.pdf)","2019-06-04","","accepted","Elmar Kiesling; Harshvardhan J. Pandit, Fajar Ekaputra","https://www.w3.org/2019/06/04-dpvcg-minutes.html","","","","","","","","","","","","",""
"SocialNetwork","Social Network","Information about friends or connections expressed as a social network","dpv:Social","","","","(EnterPrivacy Categories of Personal Information, https://enterprivacy.com/wp-content/uploads/2018/09/Categories-of-Personal-Information.pdf)","2019-06-04","","accepted","Elmar Kiesling; Harshvardhan J. Pandit, Fajar Ekaputra","https://www.w3.org/2019/06/04-dpvcg-minutes.html","","","","","","","","","","","","",""
"PublicLife","Public Life","Information about public life","dpv:Social","","","","(EnterPrivacy Categories of Personal Information, https://enterprivacy.com/wp-content/uploads/2018/09/Categories-of-Personal-Information.pdf)","2019-06-04","","accepted","Elmar Kiesling; Harshvardhan J. Pandit, Fajar Ekaputra","https://www.w3.org/2019/06/04-dpvcg-minutes.html","","","","","","","","","","","","",""
"Communication","Communication","Information communicated from or to an individual","dpv:Social","","","","(EnterPrivacy Categories of Personal Information, https://enterprivacy.com/wp-content/uploads/2018/09/Categories-of-Personal-Information.pdf)","2019-06-04","","accepted","Elmar Kiesling; Harshvardhan J. Pandit, Fajar Ekaputra","https://www.w3.org/2019/06/04-dpvcg-minutes.html","","","","","","","","","","","","",""
"Acquantaince","Acquantaince","Information about acquaintainces in a social network.","dpv:SocialNetwork","","","","(EnterPrivacy Categories of Personal Information, https://enterprivacy.com/wp-content/uploads/2018/09/Categories-of-Personal-Information.pdf)","2019-06-04","","accepted","Elmar Kiesling; Harshvardhan J. Pandit, Fajar Ekaputra","https://www.w3.org/2019/06/04-dpvcg-minutes.html","","","","","","","","","","","","",""
"Association","Association","Information about associations in a social network with other individuals, groups, or entities e.g. friend of a friend","dpv:SocialNetwork","","","","(EnterPrivacy Categories of Personal Information, https://enterprivacy.com/wp-content/uploads/2018/09/Categories-of-Personal-Information.pdf)","2019-06-04","","accepted","Elmar Kiesling; Harshvardhan J. Pandit, Fajar Ekaputra","https://www.w3.org/2019/06/04-dpvcg-minutes.html","","","","","","","","","","","","",""
"Connection","Connection","Information about and including connections in a social network","dpv:SocialNetwork","","","","(EnterPrivacy Categories of Personal Information, https://enterprivacy.com/wp-content/uploads/2018/09/Categories-of-Personal-Information.pdf)","2019-06-04","","accepted","Elmar Kiesling; Harshvardhan J. Pandit, Fajar Ekaputra","https://www.w3.org/2019/06/04-dpvcg-minutes.html","","","","","","","","","","","","",""
"Friend","Friend","Information about friends in a social network, including aspects of friendships such as years together or nature of friendship.","dpv:SocialNetwork","","","","(EnterPrivacy Categories of Personal Information, https://enterprivacy.com/wp-content/uploads/2018/09/Categories-of-Personal-Information.pdf)","2019-06-04","","accepted","Elmar Kiesling; Harshvardhan J. Pandit, Fajar Ekaputra","https://www.w3.org/2019/06/04-dpvcg-minutes.html","","","","","","","","","","","","",""
"GroupMembership","Group Membership","Information about groups and memberships included or associated with a social network","dpv:SocialNetwork","","","","(EnterPrivacy Categories of Personal Information, https://enterprivacy.com/wp-content/uploads/2018/09/Categories-of-Personal-Information.pdf)","2019-06-04","","accepted","Elmar Kiesling; Harshvardhan J. Pandit, Fajar Ekaputra","https://www.w3.org/2019/06/04-dpvcg-minutes.html","","","","","","","","","","","","",""
"DeviceBased","Device Based","Information about devices","dpv:Tracking","svd:Computer","","","(EnterPrivacy Categories of Personal Information, https://enterprivacy.com/wp-content/uploads/2018/09/Categories-of-Personal-Information.pdf)","2019-06-04","","accepted","Elmar Kiesling; Harshvardhan J. Pandit, Fajar Ekaputra","https://www.w3.org/2019/06/04-dpvcg-minutes.html","","","","","","","","","","","","",""
"Location","Location","Information about location","dpv:Tracking","svd:Location","","","(EnterPrivacy Categories of Personal Information, https://enterprivacy.com/wp-content/uploads/2018/09/Categories-of-Personal-Information.pdf)","2019-06-04","","accepted","Elmar Kiesling; Harshvardhan J. Pandit, Fajar Ekaputra","https://www.w3.org/2019/06/04-dpvcg-minutes.html","","","","","","","","","","","","",""
"Contact","Contact","Information about contacts or used for contacting e.g. email address or phone number","dpv:Tracking","svd:Physical","","","(EnterPrivacy Categories of Personal Information, https://enterprivacy.com/wp-content/uploads/2018/09/Categories-of-Personal-Information.pdf)","2019-06-04","","accepted","Elmar Kiesling; Harshvardhan J. Pandit, Fajar Ekaputra","https://www.w3.org/2019/06/04-dpvcg-minutes.html","","","","","","","","","","","","",""
"Credit","Credit","Information about reputation with regards to money","dpv:Transactional","","","","(EnterPrivacy Categories of Personal Information, https://enterprivacy.com/wp-content/uploads/2018/09/Categories-of-Personal-Information.pdf)","2019-06-04","","accepted","Elmar Kiesling; Harshvardhan J. Pandit, Fajar Ekaputra","https://www.w3.org/2019/06/04-dpvcg-minutes.html","","","","","","","","","","","","",""
"Income","Income","Information about financial income e.g. for individual or household or family","dpv:Transactional","","","","(EnterPrivacy Categories of Personal Information, https://enterprivacy.com/wp-content/uploads/2018/09/Categories-of-Personal-Information.pdf)","2019-06-04","","accepted","Elmar Kiesling; Harshvardhan J. Pandit, Fajar Ekaputra","https://www.w3.org/2019/06/04-dpvcg-minutes.html","","","","","","","","","","","","",""
"LoanRecord","Loan Record","Information about loans, whether applied, provided or rejected, and its history","dpv:Transactional","","","","(EnterPrivacy Categories of Personal Information, https://enterprivacy.com/wp-content/uploads/2018/09/Categories-of-Personal-Information.pdf)","2019-06-04","","accepted","Elmar Kiesling; Harshvardhan J. Pandit, Fajar Ekaputra","https://www.w3.org/2019/06/04-dpvcg-minutes.html","","","","","","","","","","","","",""
"Purchase","Purchase","Information about purchases such as items bought e.g. grocery or clothing","dpv:Transactional","svd:Purchase","","","(EnterPrivacy Categories of Personal Information, https://enterprivacy.com/wp-content/uploads/2018/09/Categories-of-Personal-Information.pdf)","2019-06-04","","accepted","Elmar Kiesling; Harshvardhan J. Pandit, Fajar Ekaputra","https://www.w3.org/2019/06/04-dpvcg-minutes.html","","","","","","","","","","","","",""
"PurchasesAndSpendingHabit","Purchases and Spending Habit","Information about analysis of purchases made and money spent expressed as a habit e.g. monthly shopping trends","dpv:Transactional","","","","(EnterPrivacy Categories of Personal Information, https://enterprivacy.com/wp-content/uploads/2018/09/Categories-of-Personal-Information.pdf)","2019-06-04","","accepted","Elmar Kiesling; Harshvardhan J. Pandit, Fajar Ekaputra","https://www.w3.org/2019/06/04-dpvcg-minutes.html","","","","","","","","","","","","",""
"Sale","Sale","Information about sales e.g. selling of goods or services","dpv:Transactional","","","","(EnterPrivacy Categories of Personal Information, https://enterprivacy.com/wp-content/uploads/2018/09/Categories-of-Personal-Information.pdf)","2019-06-04","","accepted","Elmar Kiesling; Harshvardhan J. Pandit, Fajar Ekaputra","https://www.w3.org/2019/06/04-dpvcg-minutes.html","","","","","","","","","","","","",""
"Tax","Tax","Information about financial tax e.g. tax records or tax due","dpv:Transactional","","","","(EnterPrivacy Categories of Personal Information, https://enterprivacy.com/wp-content/uploads/2018/09/Categories-of-Personal-Information.pdf)","2019-06-04","","accepted","Elmar Kiesling; Harshvardhan J. Pandit, Fajar Ekaputra","https://www.w3.org/2019/06/04-dpvcg-minutes.html","","","","","","","","","","","","",""
"Transaction","Transaction","Information about financial transactions e.g. bank transfers","dpv:Transactional","","","","(EnterPrivacy Categories of Personal Information, https://enterprivacy.com/wp-content/uploads/2018/09/Categories-of-Personal-Information.pdf)","2019-06-04","","accepted","Elmar Kiesling; Harshvardhan J. Pandit, Fajar Ekaputra","https://www.w3.org/2019/06/04-dpvcg-minutes.html","","","","","","","","","","","","",""
"ServiceConsumptionBehavior","Service Consumption Behavior","Information about the consumption of a service, e.g. time and duration of consumption.","dpv:Behavioral","","","","(SPECIAL project, https://www.specialprivacy.eu/)","2019-11-26","","accepted","Harshvardhan J. Pandit, Rudy Jacob","https://www.w3.org/2019/11/26-dpvcg-minutes.html","","","","","","","","","","","","",""
"TVViewingBehavior","TV Viewing Behavior","Information about TV viewing behavior, such as timestamps of channel change, duration of viewership, content consumed","dpv:ServiceConsumptionBehavior","","","","(SPECIAL project, https://www.specialprivacy.eu/)","2019-11-26","","accepted","Harshvardhan J. Pandit, Rudy Jacob","https://www.w3.org/2019/11/26-dpvcg-minutes.html","","","","","","","","","","","","",""
"BrowsingReferral","Browsing Referral","Information about web browsing referrer or referral, which can be based on location, targeted referrals, direct, organic search, social media or actions, campaigns.","dpv:BrowsingBehaviour","","","","(DPVCG, https://www.w3.org/community/dpvcg/)","2020-11-04","","accepted","Georg P Krog","https://www.w3.org/community/dpvcg/wiki/Workshop20201104","","","","","","","","","","","","",""
"PaymentCard","Payment Card","Information about payment card such as Credit Card, Debit Card.","dpv:FinancialAccount","","","","(DPVCG, https://www.w3.org/community/dpvcg/)","2020-11-04","","accepted","Harshvardhan J. Pandit","https://www.w3.org/community/dpvcg/wiki/Workshop20201104","","","","","","","","","","","","",""
"PaymentCardNumber","Payment Card Number","Information about payment card number.","dpv:PaymentCard,dpv:AccountIdentifier","","","","(DPVCG, https://www.w3.org/community/dpvcg/)","2020-11-04","","accepted","Georg P Krog","https://www.w3.org/community/dpvcg/wiki/Workshop20201104","","","","","","","","","","","","",""
"PaymentCardExpiry","Payment Card Expiry","Information about payment card expiry such as a date.","dpv:PaymentCard","","","","(DPVCG, https://www.w3.org/community/dpvcg/)","2020-11-04","","accepted","Georg P Krog","https://www.w3.org/community/dpvcg/wiki/Workshop20201104","","","","","","","","","","","","",""
"DeviceSoftware","Device Software","Information about software on or related to a device.","dpv:DeviceBased","","","","(DPVCG, https://www.w3.org/community/dpvcg/)","2020-11-04","","accepted","Harshvardhan J. Pandit, Beatriz Esteves, Georg P Krog, Paul Ryan","https://www.w3.org/community/dpvcg/wiki/Workshop20201104","","","","","","","","","","","","",""
"DeviceOperatingSystem","Device Operating System","Information about the operating system (OS) or system software that manages hardware or software resources.","dpv:DeviceSoftware","","","","(DPVCG, https://www.w3.org/community/dpvcg/)","2020-11-04","","accepted","Georg P Krog, Harshvardhan J. Pandit, Beatriz Esteves, Paul Ryan","https://www.w3.org/community/dpvcg/wiki/Workshop20201104","","","","","","","","","","","","",""
"DeviceApplications","Device Applications","Information about applications or application-like software on a device.","dpv:DeviceSoftware","","","","(DPVCG, https://www.w3.org/community/dpvcg/)","2020-11-04","","accepted","Harshvardhan J. Pandit, Beatriz Esteves, Georg P Krog, Paul Ryan","https://www.w3.org/community/dpvcg/wiki/Workshop20201104","","","","","","","","","","","","",""
"AuthenticationHistory","Authentication History","Information about prior authentication and its outcomes such as login attempts or location.","dpv:Behavioral","","","","(DPVCG, https://www.w3.org/community/dpvcg/)","2020-11-04","","accepted","Georg P Krog","https://www.w3.org/community/dpvcg/wiki/Workshop20201104","","","","","","","","","","","","",""
"UserAgent","User agent","a software that is acting on behalf of a user, such as a web browser that retrieves, renders and facilitates end user interaction with web content.","","","","","","2020-06-23","","proposed","Georg P Krog","","","","","","","","","","","","","",""
"RequestTarget","Request target","a request message is sent with a request-target (derived from the target URI) that requests a resource from the server.","","","","","","2020-06-23","","proposed","Georg P Krog","","","","","","","","","","","","","",""
"UsageHistory","UsageHistory or Activity","use or consumption of something e.g. search history or browser history","","","","","","2020-11-04","","proposed","Harshvardhan J. Pandit","","","","","","","","","","","","","",""
"CustomerOrder","customers orders and subscriptions (such as order history, information on subscriptions, incidents and complaints)","relates to feedback: where to put this?","","","","","","2020-06-23","","proposed","Georg","","","","","","","","","","","","","",""
"SensitiveData","SensitiveData","Personal data that is particularly 'sensitive' and therefore requires additional protection","","","","Special categories are a subset of sensitive data","","","","proposed","","","","","","","","","","","","","","",""