Term,Label,ParentTerm,ISO-Alpha2,ISO-Alpha3,ISO-Numeric,UN-M49,Broader,Narrower,Created,Modified,Status,Contributors,Resolution,,,,,,,,,,,,,
AF,Afghanistan,dpv:Country,AF,AFG,4,4,"dpv-legal:Asia,dpv-legal:SouthernAsia",,2022-03-30,,accepted,Harshvardhan J. Pandit,https://www.w3.org/2022/03/30-dpvcg-minutes.html,,,,,,,,,,,,
Africa,Africa,dpv:Region,,,,,,"dpv-legal:DZ,dpv-legal:NorthernAfrica,dpv-legal:EG,dpv-legal:EH,dpv-legal:LY,dpv-legal:MA,dpv-legal:SD,dpv-legal:TN,dpv-legal:AO,dpv-legal:SubSaharanAfrica,dpv-legal:BF,dpv-legal:BI,dpv-legal:BJ,dpv-legal:BW,dpv-legal:CD,dpv-legal:CF,dpv-legal:CG,dpv-legal:CI,dpv-legal:CM,dpv-legal:CV,dpv-legal:DJ,dpv-legal:ER,dpv-legal:ET,dpv-legal:GA,dpv-legal:GH,dpv-legal:GM,dpv-legal:GN,dpv-legal:GQ,dpv-legal:GW,dpv-legal:IO,dpv-legal:KE,dpv-legal:KM,dpv-legal:LR,dpv-legal:LS,dpv-legal:MG,dpv-legal:ML,dpv-legal:MR,dpv-legal:MU,dpv-legal:MW,dpv-legal:MZ,dpv-legal:NA,dpv-legal:NE,dpv-legal:NG,dpv-legal:RE,dpv-legal:RW,dpv-legal:SC,dpv-legal:SH,dpv-legal:SL,dpv-legal:SN,dpv-legal:SO,dpv-legal:SS,dpv-legal:ST,dpv-legal:SZ,dpv-legal:TD,dpv-legal:TF,dpv-legal:TG,dpv-legal:TZ,dpv-legal:UG,dpv-legal:YT,dpv-legal:ZA,dpv-legal:ZM,dpv-legal:ZW",2022-03-30,,accepted,Harshvardhan J. Pandit,https://www.w3.org/2022/03/30-dpvcg-minutes.html,,,,,,,,,,,,
US-AL,Alabama,dpv:Region,,,,,dpv-legal:US,,2022-03-30,,accepted,Harshvardhan J. Pandit,https://www.w3.org/2022/03/30-dpvcg-minutes.html,,,,,,,,,,,,
US-AK,Alaska,dpv:Region,,,,,dpv-legal:US,,2022-03-30,,accepted,Harshvardhan J. Pandit,https://www.w3.org/2022/03/30-dpvcg-minutes.html,,,,,,,,,,,,
AL,Albania,dpv:Country,AL,ALB,8,8,"dpv-legal:Europe,dpv-legal:SouthernEurope",,2022-03-30,,accepted,Harshvardhan J. Pandit,https://www.w3.org/2022/03/30-dpvcg-minutes.html,,,,,,,,,,,,
DZ,Algeria,dpv:Country,DZ,DZA,12,12,"dpv-legal:Africa,dpv-legal:NorthernAfrica",,2022-03-30,,accepted,Harshvardhan J. Pandit,https://www.w3.org/2022/03/30-dpvcg-minutes.html,,,,,,,,,,,,
AS,American Samoa,dpv:Country,AS,ASM,16,16,"dpv-legal:Oceania,dpv-legal:Polynesia",,2022-03-30,,accepted,Harshvardhan J. Pandit,https://www.w3.org/2022/03/30-dpvcg-minutes.html,,,,,,,,,,,,
US-AS,American Samoa,dpv:Region,,,,,dpv-legal:US,,2022-03-30,,accepted,Harshvardhan J. Pandit,https://www.w3.org/2022/03/30-dpvcg-minutes.html,,,,,,,,,,,,
Americas,Americas,dpv:Region,,,,,,"dpv-legal:AR,dpv-legal:CA,dpv-legal:UY,dpv-legal:BM,dpv-legal:NorthernAmerica,dpv-legal:GL,dpv-legal:PM,dpv-legal:US,dpv-legal:AG,dpv-legal:LatinAmericaandtheCaribbean,dpv-legal:AI,dpv-legal:AW,dpv-legal:BB,dpv-legal:BL,dpv-legal:BO,dpv-legal:BQ,dpv-legal:BR,dpv-legal:BS,dpv-legal:BV,dpv-legal:BZ,dpv-legal:CL,dpv-legal:CO,dpv-legal:CR,dpv-legal:CU,dpv-legal:CW,dpv-legal:DM,dpv-legal:DO,dpv-legal:EC,dpv-legal:FK,dpv-legal:GD,dpv-legal:GF,dpv-legal:GP,dpv-legal:GS,dpv-legal:GT,dpv-legal:GY,dpv-legal:HN,dpv-legal:HT,dpv-legal:JM,dpv-legal:KN,dpv-legal:KY,dpv-legal:LC,dpv-legal:MF,dpv-legal:MQ,dpv-legal:MS,dpv-legal:MX,dpv-legal:NI,dpv-legal:PA,dpv-legal:PE,dpv-legal:PR,dpv-legal:PY,dpv-legal:SR,dpv-legal:SV,dpv-legal:SX,dpv-legal:TC,dpv-legal:TT,dpv-legal:VC,dpv-legal:VE,dpv-legal:VG,dpv-legal:VI",2022-03-30,,accepted,Harshvardhan J. Pandit,https://www.w3.org/2022/03/30-dpvcg-minutes.html,,,,,,,,,,,,
AD,Andorra,dpv:Country,AD,AND,20,20,"dpv-legal:Europe,dpv-legal:SouthernEurope",,2022-03-30,,accepted,Harshvardhan J. Pandit,https://www.w3.org/2022/03/30-dpvcg-minutes.html,,,,,,,,,,,,
AO,Angola,dpv:Country,AO,AGO,24,24,"dpv-legal:Africa,dpv-legal:MiddleAfrica,dpv-legal:SubSaharanAfrica",,2022-03-30,,accepted,Harshvardhan J. Pandit,https://www.w3.org/2022/03/30-dpvcg-minutes.html,,,,,,,,,,,,
AI,Anguilla,dpv:Country,AI,AIA,660,660,"dpv-legal:Americas,dpv-legal:Caribbean,dpv-legal:LatinAmericaandtheCaribbean",,2022-03-30,,accepted,Harshvardhan J. Pandit,https://www.w3.org/2022/03/30-dpvcg-minutes.html,,,,,,,,,,,,
AQ,Antarctica,dpv:Country,AQ,ATA,10,10,,,2022-03-30,,accepted,Harshvardhan J. Pandit,https://www.w3.org/2022/03/30-dpvcg-minutes.html,,,,,,,,,,,,
AG,Antigua and Barbuda,dpv:Country,AG,ATG,28,28,"dpv-legal:Americas,dpv-legal:Caribbean,dpv-legal:LatinAmericaandtheCaribbean",,2022-03-30,,accepted,Harshvardhan J. Pandit,https://www.w3.org/2022/03/30-dpvcg-minutes.html,,,,,,,,,,,,
AR,Argentina,dpv:Country,AR,ARG,32,32,"dpv-legal:Americas,dpv-legal:LatinAmericaandtheCaribbean,dpv-legal:SouthAmerica",,2022-03-30,,accepted,Harshvardhan J. Pandit,https://www.w3.org/2022/03/30-dpvcg-minutes.html,,,,,,,,,,,,
US-AZ,Arizona,dpv:Region,,,,,dpv-legal:US,,2022-03-30,,accepted,Harshvardhan J. Pandit,https://www.w3.org/2022/03/30-dpvcg-minutes.html,,,,,,,,,,,,
US-AR,Arkansas,dpv:Region,,,,,dpv-legal:US,,2022-03-30,,accepted,Harshvardhan J. Pandit,https://www.w3.org/2022/03/30-dpvcg-minutes.html,,,,,,,,,,,,
AM,Armenia,dpv:Country,AM,ARM,51,51,"dpv-legal:Asia,dpv-legal:WesternAsia",,2022-03-30,,accepted,Harshvardhan J. Pandit,https://www.w3.org/2022/03/30-dpvcg-minutes.html,,,,,,,,,,,,
AW,Aruba,dpv:Country,AW,ABW,533,533,"dpv-legal:Americas,dpv-legal:Caribbean,dpv-legal:LatinAmericaandtheCaribbean",,2022-03-30,,accepted,Harshvardhan J. Pandit,https://www.w3.org/2022/03/30-dpvcg-minutes.html,,,,,,,,,,,,
Asia,Asia,dpv:Region,,,,,,"dpv-legal:IL,dpv-legal:JP,dpv-legal:CY,dpv-legal:AE,dpv-legal:WesternAsia,dpv-legal:AF,dpv-legal:SouthernAsia,dpv-legal:AM,dpv-legal:AZ,dpv-legal:BD,dpv-legal:BH,dpv-legal:BN,dpv-legal:SoutheasternAsia,dpv-legal:BT,dpv-legal:CN,dpv-legal:EasternAsia,dpv-legal:GE,dpv-legal:HK,dpv-legal:ID,dpv-legal:IN,dpv-legal:IQ,dpv-legal:IR,dpv-legal:JO,dpv-legal:KG,dpv-legal:CentralAsia,dpv-legal:KH,dpv-legal:KP,dpv-legal:KR,dpv-legal:KW,dpv-legal:KZ,dpv-legal:LA,dpv-legal:LB,dpv-legal:LK,dpv-legal:MM,dpv-legal:MN,dpv-legal:MO,dpv-legal:MV,dpv-legal:MY,dpv-legal:NP,dpv-legal:OM,dpv-legal:PH,dpv-legal:PK,dpv-legal:PS,dpv-legal:QA,dpv-legal:SA,dpv-legal:SG,dpv-legal:SY,dpv-legal:TH,dpv-legal:TJ,dpv-legal:TL,dpv-legal:TM,dpv-legal:TR,dpv-legal:UZ,dpv-legal:VN,dpv-legal:YE",2022-03-30,,accepted,Harshvardhan J. Pandit,https://www.w3.org/2022/03/30-dpvcg-minutes.html,,,,,,,,,,,,
AU,Australia,dpv:Country,AU,AUS,36,36,"dpv-legal:Oceania,dpv-legal:AustraliaandNewZealand",,2022-03-30,,accepted,Harshvardhan J. Pandit,https://www.w3.org/2022/03/30-dpvcg-minutes.html,,,,,,,,,,,,
AustraliaandNewZealand,AustraliaandNewZealand,dpv:Region,,,,,"dpv-legal:Oceania,dpv-legal:Oceania,dpv-legal:Oceania,dpv-legal:Oceania,dpv-legal:Oceania,dpv-legal:Oceania","dpv-legal:NZ,dpv-legal:AU,dpv-legal:CC,dpv-legal:CX,dpv-legal:HM,dpv-legal:NF",2022-03-30,,accepted,Harshvardhan J. Pandit,https://www.w3.org/2022/03/30-dpvcg-minutes.html,,,,,,,,,,,,
AT,Austria,dpv:Country,AT,AUT,40,40,"dpv-legal:Europe,dpv-legal:WesternEurope",,2022-03-30,,accepted,Harshvardhan J. Pandit,https://www.w3.org/2022/03/30-dpvcg-minutes.html,,,,,,,,,,,,
AZ,Azerbaijan,dpv:Country,AZ,AZE,31,31,"dpv-legal:Asia,dpv-legal:WesternAsia",,2022-03-30,,accepted,Harshvardhan J. Pandit,https://www.w3.org/2022/03/30-dpvcg-minutes.html,,,,,,,,,,,,
DE-BW,Baden-Württemberg,dpv:Region,,,,,dpv-legal:DE,,2022-03-30,,accepted,Harshvardhan J. Pandit,https://www.w3.org/2022/03/30-dpvcg-minutes.html,,,,,,,,,,,,
BS,Bahamas,dpv:Country,BS,BHS,44,44,"dpv-legal:Americas,dpv-legal:Caribbean,dpv-legal:LatinAmericaandtheCaribbean",,2022-03-30,,accepted,Harshvardhan J. Pandit,https://www.w3.org/2022/03/30-dpvcg-minutes.html,,,,,,,,,,,,
BH,Bahrain,dpv:Country,BH,BHR,48,48,"dpv-legal:Asia,dpv-legal:WesternAsia",,2022-03-30,,accepted,Harshvardhan J. Pandit,https://www.w3.org/2022/03/30-dpvcg-minutes.html,,,,,,,,,,,,
BD,Bangladesh,dpv:Country,BD,BGD,50,50,"dpv-legal:Asia,dpv-legal:SouthernAsia",,2022-03-30,,accepted,Harshvardhan J. Pandit,https://www.w3.org/2022/03/30-dpvcg-minutes.html,,,,,,,,,,,,
BB,Barbados,dpv:Country,BB,BRB,52,52,"dpv-legal:Americas,dpv-legal:Caribbean,dpv-legal:LatinAmericaandtheCaribbean",,2022-03-30,,accepted,Harshvardhan J. Pandit,https://www.w3.org/2022/03/30-dpvcg-minutes.html,,,,,,,,,,,,
DE-BY,Bavaria,dpv:Region,,,,,dpv-legal:DE,,2022-03-30,,accepted,Harshvardhan J. Pandit,https://www.w3.org/2022/03/30-dpvcg-minutes.html,,,,,,,,,,,,
BY,Belarus,dpv:Country,BY,BLR,112,112,"dpv-legal:Europe,dpv-legal:EasternEurope",,2022-03-30,,accepted,Harshvardhan J. Pandit,https://www.w3.org/2022/03/30-dpvcg-minutes.html,,,,,,,,,,,,
BE,Belgium,dpv:Country,BE,BEL,56,56,"dpv-legal:Europe,dpv-legal:WesternEurope",,2022-03-30,,accepted,Harshvardhan J. Pandit,https://www.w3.org/2022/03/30-dpvcg-minutes.html,,,,,,,,,,,,
BZ,Belize,dpv:Country,BZ,BLZ,84,84,"dpv-legal:Americas,dpv-legal:LatinAmericaandtheCaribbean,dpv-legal:CentralAmerica",,2022-03-30,,accepted,Harshvardhan J. Pandit,https://www.w3.org/2022/03/30-dpvcg-minutes.html,,,,,,,,,,,,
BJ,Benin,dpv:Country,BJ,BEN,204,204,"dpv-legal:Africa,dpv-legal:SubSaharanAfrica,dpv-legal:WesternAfrica",,2022-03-30,,accepted,Harshvardhan J. Pandit,https://www.w3.org/2022/03/30-dpvcg-minutes.html,,,,,,,,,,,,
DE-BE,Berlin,dpv:Region,,,,,dpv-legal:DE,,2022-03-30,,accepted,Harshvardhan J. Pandit,https://www.w3.org/2022/03/30-dpvcg-minutes.html,,,,,,,,,,,,
BM,Bermuda,dpv:Country,BM,BMU,60,60,"dpv-legal:Americas,dpv-legal:NorthernAmerica",,2022-03-30,,accepted,Harshvardhan J. Pandit,https://www.w3.org/2022/03/30-dpvcg-minutes.html,,,,,,,,,,,,
BT,Bhutan,dpv:Country,BT,BTN,64,64,"dpv-legal:Asia,dpv-legal:SouthernAsia",,2022-03-30,,accepted,Harshvardhan J. Pandit,https://www.w3.org/2022/03/30-dpvcg-minutes.html,,,,,,,,,,,,
BO,Bolivia (Plurinational State of),dpv:Country,BO,BOL,68,68,"dpv-legal:Americas,dpv-legal:LatinAmericaandtheCaribbean,dpv-legal:SouthAmerica",,2022-03-30,,accepted,Harshvardhan J. Pandit,https://www.w3.org/2022/03/30-dpvcg-minutes.html,,,,,,,,,,,,
BQ,"Bonaire, Sint Eustatius and Saba",dpv:Country,BQ,BES,535,535,"dpv-legal:Americas,dpv-legal:Caribbean,dpv-legal:LatinAmericaandtheCaribbean",,2022-03-30,,accepted,Harshvardhan J. Pandit,https://www.w3.org/2022/03/30-dpvcg-minutes.html,,,,,,,,,,,,
BA,Bosnia and Herzegovina,dpv:Country,BA,BIH,70,70,"dpv-legal:Europe,dpv-legal:SouthernEurope",,2022-03-30,,accepted,Harshvardhan J. Pandit,https://www.w3.org/2022/03/30-dpvcg-minutes.html,,,,,,,,,,,,
BW,Botswana,dpv:Country,BW,BWA,72,72,"dpv-legal:Africa,dpv-legal:SubSaharanAfrica,dpv-legal:SouthernAfrica",,2022-03-30,,accepted,Harshvardhan J. Pandit,https://www.w3.org/2022/03/30-dpvcg-minutes.html,,,,,,,,,,,,
BV,Bouvet Island,dpv:Country,BV,BVT,74,74,"dpv-legal:Americas,dpv-legal:LatinAmericaandtheCaribbean,dpv-legal:SouthAmerica",,2022-03-30,,accepted,Harshvardhan J. Pandit,https://www.w3.org/2022/03/30-dpvcg-minutes.html,,,,,,,,,,,,
DE-BB,Brandenburg,dpv:Region,,,,,dpv-legal:DE,,2022-03-30,,accepted,Harshvardhan J. Pandit,https://www.w3.org/2022/03/30-dpvcg-minutes.html,,,,,,,,,,,,
BR,Brazil,dpv:Country,BR,BRA,76,76,"dpv-legal:Americas,dpv-legal:LatinAmericaandtheCaribbean,dpv-legal:SouthAmerica",,2022-03-30,,accepted,Harshvardhan J. Pandit,https://www.w3.org/2022/03/30-dpvcg-minutes.html,,,,,,,,,,,,
DE-HB,Bremen,dpv:Region,,,,,dpv-legal:DE,,2022-03-30,,accepted,Harshvardhan J. Pandit,https://www.w3.org/2022/03/30-dpvcg-minutes.html,,,,,,,,,,,,
IO,British Indian Ocean Territory,dpv:Country,IO,IOT,86,86,"dpv-legal:Africa,dpv-legal:SubSaharanAfrica,dpv-legal:EasternAfrica",,2022-03-30,,accepted,Harshvardhan J. Pandit,https://www.w3.org/2022/03/30-dpvcg-minutes.html,,,,,,,,,,,,
VG,British Virgin Islands,dpv:Country,VG,VGB,92,92,"dpv-legal:Americas,dpv-legal:Caribbean,dpv-legal:LatinAmericaandtheCaribbean",,2022-03-30,,accepted,Harshvardhan J. Pandit,https://www.w3.org/2022/03/30-dpvcg-minutes.html,,,,,,,,,,,,
BN,Brunei Darussalam,dpv:Country,BN,BRN,96,96,"dpv-legal:Asia,dpv-legal:SoutheasternAsia",,2022-03-30,,accepted,Harshvardhan J. Pandit,https://www.w3.org/2022/03/30-dpvcg-minutes.html,,,,,,,,,,,,
BG,Bulgaria,dpv:Country,BG,BGR,100,100,"dpv-legal:Europe,dpv-legal:EasternEurope",,2022-03-30,,accepted,Harshvardhan J. Pandit,https://www.w3.org/2022/03/30-dpvcg-minutes.html,,,,,,,,,,,,
BF,Burkina Faso,dpv:Country,BF,BFA,854,854,"dpv-legal:Africa,dpv-legal:SubSaharanAfrica,dpv-legal:WesternAfrica",,2022-03-30,,accepted,Harshvardhan J. Pandit,https://www.w3.org/2022/03/30-dpvcg-minutes.html,,,,,,,,,,,,
BI,Burundi,dpv:Country,BI,BDI,108,108,"dpv-legal:Africa,dpv-legal:SubSaharanAfrica,dpv-legal:EasternAfrica",,2022-03-30,,accepted,Harshvardhan J. Pandit,https://www.w3.org/2022/03/30-dpvcg-minutes.html,,,,,,,,,,,,
CV,Cabo Verde,dpv:Country,CV,CPV,132,132,"dpv-legal:Africa,dpv-legal:SubSaharanAfrica,dpv-legal:WesternAfrica",,2022-03-30,,accepted,Harshvardhan J. Pandit,https://www.w3.org/2022/03/30-dpvcg-minutes.html,,,,,,,,,,,,
US-CA,California,dpv:Region,,,,,dpv-legal:US,,2022-03-30,,accepted,Harshvardhan J. Pandit,https://www.w3.org/2022/03/30-dpvcg-minutes.html,,,,,,,,,,,,
KH,Cambodia,dpv:Country,KH,KHM,116,116,"dpv-legal:Asia,dpv-legal:SoutheasternAsia",,2022-03-30,,accepted,Harshvardhan J. Pandit,https://www.w3.org/2022/03/30-dpvcg-minutes.html,,,,,,,,,,,,
CM,Cameroon,dpv:Country,CM,CMR,120,120,"dpv-legal:Africa,dpv-legal:MiddleAfrica,dpv-legal:SubSaharanAfrica",,2022-03-30,,accepted,Harshvardhan J. Pandit,https://www.w3.org/2022/03/30-dpvcg-minutes.html,,,,,,,,,,,,
CA,Canada,dpv:Country,CA,CAN,124,124,"dpv-legal:Americas,dpv-legal:NorthernAmerica",,2022-03-30,,accepted,Harshvardhan J. Pandit,https://www.w3.org/2022/03/30-dpvcg-minutes.html,,,,,,,,,,,,
Caribbean,Caribbean,dpv:Region,,,,,"dpv-legal:LatinAmericaandtheCaribbean,dpv-legal:LatinAmericaandtheCaribbean,dpv-legal:LatinAmericaandtheCaribbean,dpv-legal:LatinAmericaandtheCaribbean,dpv-legal:LatinAmericaandtheCaribbean,dpv-legal:LatinAmericaandtheCaribbean,dpv-legal:LatinAmericaandtheCaribbean,dpv-legal:LatinAmericaandtheCaribbean,dpv-legal:LatinAmericaandtheCaribbean,dpv-legal:LatinAmericaandtheCaribbean,dpv-legal:LatinAmericaandtheCaribbean,dpv-legal:LatinAmericaandtheCaribbean,dpv-legal:LatinAmericaandtheCaribbean,dpv-legal:LatinAmericaandtheCaribbean,dpv-legal:LatinAmericaandtheCaribbean,dpv-legal:LatinAmericaandtheCaribbean,dpv-legal:LatinAmericaandtheCaribbean,dpv-legal:LatinAmericaandtheCaribbean,dpv-legal:LatinAmericaandtheCaribbean,dpv-legal:LatinAmericaandtheCaribbean,dpv-legal:LatinAmericaandtheCaribbean,dpv-legal:LatinAmericaandtheCaribbean,dpv-legal:LatinAmericaandtheCaribbean,dpv-legal:LatinAmericaandtheCaribbean,dpv-legal:LatinAmericaandtheCaribbean,dpv-legal:LatinAmericaandtheCaribbean,dpv-legal:LatinAmericaandtheCaribbean,dpv-legal:LatinAmericaandtheCaribbean","dpv-legal:AG,dpv-legal:AI,dpv-legal:AW,dpv-legal:BB,dpv-legal:BL,dpv-legal:BQ,dpv-legal:BS,dpv-legal:CU,dpv-legal:CW,dpv-legal:DM,dpv-legal:DO,dpv-legal:GD,dpv-legal:GP,dpv-legal:HT,dpv-legal:JM,dpv-legal:KN,dpv-legal:KY,dpv-legal:LC,dpv-legal:MF,dpv-legal:MQ,dpv-legal:MS,dpv-legal:PR,dpv-legal:SX,dpv-legal:TC,dpv-legal:TT,dpv-legal:VC,dpv-legal:VG,dpv-legal:VI",2022-03-30,,accepted,Harshvardhan J. Pandit,https://www.w3.org/2022/03/30-dpvcg-minutes.html,,,,,,,,,,,,
KY,Cayman Islands,dpv:Country,KY,CYM,136,136,"dpv-legal:Americas,dpv-legal:Caribbean,dpv-legal:LatinAmericaandtheCaribbean",,2022-03-30,,accepted,Harshvardhan J. Pandit,https://www.w3.org/2022/03/30-dpvcg-minutes.html,,,,,,,,,,,,
CF,Central African Republic,dpv:Country,CF,CAF,140,140,"dpv-legal:Africa,dpv-legal:MiddleAfrica,dpv-legal:SubSaharanAfrica",,2022-03-30,,accepted,Harshvardhan J. Pandit,https://www.w3.org/2022/03/30-dpvcg-minutes.html,,,,,,,,,,,,
CentralAmerica,CentralAmerica,dpv:Region,,,,,"dpv-legal:LatinAmericaandtheCaribbean,dpv-legal:LatinAmericaandtheCaribbean,dpv-legal:LatinAmericaandtheCaribbean,dpv-legal:LatinAmericaandtheCaribbean,dpv-legal:LatinAmericaandtheCaribbean,dpv-legal:LatinAmericaandtheCaribbean,dpv-legal:LatinAmericaandtheCaribbean,dpv-legal:LatinAmericaandtheCaribbean","dpv-legal:BZ,dpv-legal:CR,dpv-legal:GT,dpv-legal:HN,dpv-legal:MX,dpv-legal:NI,dpv-legal:PA,dpv-legal:SV",2022-03-30,,accepted,Harshvardhan J. Pandit,https://www.w3.org/2022/03/30-dpvcg-minutes.html,,,,,,,,,,,,
CentralAsia,CentralAsia,dpv:Region,,,,,"dpv-legal:Asia,dpv-legal:Asia,dpv-legal:Asia,dpv-legal:Asia,dpv-legal:Asia","dpv-legal:KG,dpv-legal:KZ,dpv-legal:TJ,dpv-legal:TM,dpv-legal:UZ",2022-03-30,,accepted,Harshvardhan J. Pandit,https://www.w3.org/2022/03/30-dpvcg-minutes.html,,,,,,,,,,,,
TD,Chad,dpv:Country,TD,TCD,148,148,"dpv-legal:Africa,dpv-legal:MiddleAfrica,dpv-legal:SubSaharanAfrica",,2022-03-30,,accepted,Harshvardhan J. Pandit,https://www.w3.org/2022/03/30-dpvcg-minutes.html,,,,,,,,,,,,
ChannelIslands,ChannelIslands,dpv:Region,,,,,"dpv-legal:NorthernEurope,dpv-legal:NorthernEurope,dpv-legal:NorthernEurope","dpv-legal:GG,dpv-legal:JE,dpv-legal:Sark",2022-03-30,,accepted,Harshvardhan J. Pandit,https://www.w3.org/2022/03/30-dpvcg-minutes.html,,,,,,,,,,,,
CL,Chile,dpv:Country,CL,CHL,152,152,"dpv-legal:Americas,dpv-legal:LatinAmericaandtheCaribbean,dpv-legal:SouthAmerica",,2022-03-30,,accepted,Harshvardhan J. Pandit,https://www.w3.org/2022/03/30-dpvcg-minutes.html,,,,,,,,,,,,
CN,China,dpv:Country,CN,CHN,156,156,"dpv-legal:Asia,dpv-legal:EasternAsia",,2022-03-30,,accepted,Harshvardhan J. Pandit,https://www.w3.org/2022/03/30-dpvcg-minutes.html,,,,,,,,,,,,
HK,"China, Hong Kong Special Administrative Region",dpv:Country,HK,HKG,344,344,"dpv-legal:Asia,dpv-legal:EasternAsia",,2022-03-30,,accepted,Harshvardhan J. Pandit,https://www.w3.org/2022/03/30-dpvcg-minutes.html,,,,,,,,,,,,
MO,"China, Macao Special Administrative Region",dpv:Country,MO,MAC,446,446,"dpv-legal:Asia,dpv-legal:EasternAsia",,2022-03-30,,accepted,Harshvardhan J. Pandit,https://www.w3.org/2022/03/30-dpvcg-minutes.html,,,,,,,,,,,,
CX,Christmas Island,dpv:Country,CX,CXR,162,162,"dpv-legal:Oceania,dpv-legal:AustraliaandNewZealand",,2022-03-30,,accepted,Harshvardhan J. Pandit,https://www.w3.org/2022/03/30-dpvcg-minutes.html,,,,,,,,,,,,
CC,Cocos (Keeling) Islands,dpv:Country,CC,CCK,166,166,"dpv-legal:Oceania,dpv-legal:AustraliaandNewZealand",,2022-03-30,,accepted,Harshvardhan J. Pandit,https://www.w3.org/2022/03/30-dpvcg-minutes.html,,,,,,,,,,,,
CO,Colombia,dpv:Country,CO,COL,170,170,"dpv-legal:Americas,dpv-legal:LatinAmericaandtheCaribbean,dpv-legal:SouthAmerica",,2022-03-30,,accepted,Harshvardhan J. Pandit,https://www.w3.org/2022/03/30-dpvcg-minutes.html,,,,,,,,,,,,
US-CO,Colorado,dpv:Region,,,,,dpv-legal:US,,2022-03-30,,accepted,Harshvardhan J. Pandit,https://www.w3.org/2022/03/30-dpvcg-minutes.html,,,,,,,,,,,,
KM,Comoros,dpv:Country,KM,COM,174,174,"dpv-legal:Africa,dpv-legal:SubSaharanAfrica,dpv-legal:EasternAfrica",,2022-03-30,,accepted,Harshvardhan J. Pandit,https://www.w3.org/2022/03/30-dpvcg-minutes.html,,,,,,,,,,,,
CG,Congo,dpv:Country,CG,COG,178,178,"dpv-legal:Africa,dpv-legal:MiddleAfrica,dpv-legal:SubSaharanAfrica",,2022-03-30,,accepted,Harshvardhan J. Pandit,https://www.w3.org/2022/03/30-dpvcg-minutes.html,,,,,,,,,,,,
US-CT,Connecticut,dpv:Region,,,,,dpv-legal:US,,2022-03-30,,accepted,Harshvardhan J. Pandit,https://www.w3.org/2022/03/30-dpvcg-minutes.html,,,,,,,,,,,,
CK,Cook Islands,dpv:Country,CK,COK,184,184,"dpv-legal:Oceania,dpv-legal:Polynesia",,2022-03-30,,accepted,Harshvardhan J. Pandit,https://www.w3.org/2022/03/30-dpvcg-minutes.html,,,,,,,,,,,,
CR,Costa Rica,dpv:Country,CR,CRI,188,188,"dpv-legal:Americas,dpv-legal:LatinAmericaandtheCaribbean,dpv-legal:CentralAmerica",,2022-03-30,,accepted,Harshvardhan J. Pandit,https://www.w3.org/2022/03/30-dpvcg-minutes.html,,,,,,,,,,,,
HR,Croatia,dpv:Country,HR,HRV,191,191,"dpv-legal:Europe,dpv-legal:SouthernEurope",,2022-03-30,,accepted,Harshvardhan J. Pandit,https://www.w3.org/2022/03/30-dpvcg-minutes.html,,,,,,,,,,,,
CU,Cuba,dpv:Country,CU,CUB,192,192,"dpv-legal:Americas,dpv-legal:Caribbean,dpv-legal:LatinAmericaandtheCaribbean",,2022-03-30,,accepted,Harshvardhan J. Pandit,https://www.w3.org/2022/03/30-dpvcg-minutes.html,,,,,,,,,,,,
CW,Curaçao,dpv:Country,CW,CUW,531,531,"dpv-legal:Americas,dpv-legal:Caribbean,dpv-legal:LatinAmericaandtheCaribbean",,2022-03-30,,accepted,Harshvardhan J. Pandit,https://www.w3.org/2022/03/30-dpvcg-minutes.html,,,,,,,,,,,,
CY,Cyprus,dpv:Country,CY,CYP,196,196,"dpv-legal:Asia,dpv-legal:WesternAsia",,2022-03-30,,accepted,Harshvardhan J. Pandit,https://www.w3.org/2022/03/30-dpvcg-minutes.html,,,,,,,,,,,,
CZ,Czechia,dpv:Country,CZ,CZE,203,203,"dpv-legal:Europe,dpv-legal:EasternEurope",,2022-03-30,,accepted,Harshvardhan J. Pandit,https://www.w3.org/2022/03/30-dpvcg-minutes.html,,,,,,,,,,,,
CI,Côte d’Ivoire,dpv:Country,CI,CIV,384,384,"dpv-legal:Africa,dpv-legal:SubSaharanAfrica,dpv-legal:WesternAfrica",,2022-03-30,,accepted,Harshvardhan J. Pandit,https://www.w3.org/2022/03/30-dpvcg-minutes.html,,,,,,,,,,,,
US-DE,Delaware,dpv:Region,,,,,dpv-legal:US,,2022-03-30,,accepted,Harshvardhan J. Pandit,https://www.w3.org/2022/03/30-dpvcg-minutes.html,,,,,,,,,,,,
KP,Democratic People's Republic of Korea,dpv:Country,KP,PRK,408,408,"dpv-legal:Asia,dpv-legal:EasternAsia",,2022-03-30,,accepted,Harshvardhan J. Pandit,https://www.w3.org/2022/03/30-dpvcg-minutes.html,,,,,,,,,,,,
CD,Democratic Republic of the Congo,dpv:Country,CD,COD,180,180,"dpv-legal:Africa,dpv-legal:MiddleAfrica,dpv-legal:SubSaharanAfrica",,2022-03-30,,accepted,Harshvardhan J. Pandit,https://www.w3.org/2022/03/30-dpvcg-minutes.html,,,,,,,,,,,,
DK,Denmark,dpv:Country,DK,DNK,208,208,"dpv-legal:Europe,dpv-legal:NorthernEurope",,2022-03-30,,accepted,Harshvardhan J. Pandit,https://www.w3.org/2022/03/30-dpvcg-minutes.html,,,,,,,,,,,,
US-DC,District of Columbia,dpv:Region,,,,,dpv-legal:US,,2022-03-30,,accepted,Harshvardhan J. Pandit,https://www.w3.org/2022/03/30-dpvcg-minutes.html,,,,,,,,,,,,
DJ,Djibouti,dpv:Country,DJ,DJI,262,262,"dpv-legal:Africa,dpv-legal:SubSaharanAfrica,dpv-legal:EasternAfrica",,2022-03-30,,accepted,Harshvardhan J. Pandit,https://www.w3.org/2022/03/30-dpvcg-minutes.html,,,,,,,,,,,,
DM,Dominica,dpv:Country,DM,DMA,212,212,"dpv-legal:Americas,dpv-legal:Caribbean,dpv-legal:LatinAmericaandtheCaribbean",,2022-03-30,,accepted,Harshvardhan J. Pandit,https://www.w3.org/2022/03/30-dpvcg-minutes.html,,,,,,,,,,,,
DO,Dominican Republic,dpv:Country,DO,DOM,214,214,"dpv-legal:Americas,dpv-legal:Caribbean,dpv-legal:LatinAmericaandtheCaribbean",,2022-03-30,,accepted,Harshvardhan J. Pandit,https://www.w3.org/2022/03/30-dpvcg-minutes.html,,,,,,,,,,,,
EasternAfrica,EasternAfrica,dpv:Region,,,,,"dpv-legal:SubSaharanAfrica,dpv-legal:SubSaharanAfrica,dpv-legal:SubSaharanAfrica,dpv-legal:SubSaharanAfrica,dpv-legal:SubSaharanAfrica,dpv-legal:SubSaharanAfrica,dpv-legal:SubSaharanAfrica,dpv-legal:SubSaharanAfrica,dpv-legal:SubSaharanAfrica,dpv-legal:SubSaharanAfrica,dpv-legal:SubSaharanAfrica,dpv-legal:SubSaharanAfrica,dpv-legal:SubSaharanAfrica,dpv-legal:SubSaharanAfrica,dpv-legal:SubSaharanAfrica,dpv-legal:SubSaharanAfrica,dpv-legal:SubSaharanAfrica,dpv-legal:SubSaharanAfrica,dpv-legal:SubSaharanAfrica,dpv-legal:SubSaharanAfrica,dpv-legal:SubSaharanAfrica,dpv-legal:SubSaharanAfrica","dpv-legal:BI,dpv-legal:DJ,dpv-legal:ER,dpv-legal:ET,dpv-legal:IO,dpv-legal:KE,dpv-legal:KM,dpv-legal:MG,dpv-legal:MU,dpv-legal:MW,dpv-legal:MZ,dpv-legal:RE,dpv-legal:RW,dpv-legal:SC,dpv-legal:SO,dpv-legal:SS,dpv-legal:TF,dpv-legal:TZ,dpv-legal:UG,dpv-legal:YT,dpv-legal:ZM,dpv-legal:ZW",2022-03-30,,accepted,Harshvardhan J. Pandit,https://www.w3.org/2022/03/30-dpvcg-minutes.html,,,,,,,,,,,,
EasternAsia,EasternAsia,dpv:Region,,,,,"dpv-legal:Asia,dpv-legal:Asia,dpv-legal:Asia,dpv-legal:Asia,dpv-legal:Asia,dpv-legal:Asia,dpv-legal:Asia","dpv-legal:JP,dpv-legal:CN,dpv-legal:HK,dpv-legal:KP,dpv-legal:KR,dpv-legal:MN,dpv-legal:MO",2022-03-30,,accepted,Harshvardhan J. Pandit,https://www.w3.org/2022/03/30-dpvcg-minutes.html,,,,,,,,,,,,
EasternEurope,EasternEurope,dpv:Region,,,,,"dpv-legal:Europe,dpv-legal:Europe,dpv-legal:Europe,dpv-legal:Europe,dpv-legal:Europe,dpv-legal:Europe,dpv-legal:Europe,dpv-legal:Europe,dpv-legal:Europe,dpv-legal:Europe","dpv-legal:BG,dpv-legal:HU,dpv-legal:PL,dpv-legal:RO,dpv-legal:SK,dpv-legal:BY,dpv-legal:CZ,dpv-legal:MD,dpv-legal:RU,dpv-legal:UA",2022-03-30,,accepted,Harshvardhan J. Pandit,https://www.w3.org/2022/03/30-dpvcg-minutes.html,,,,,,,,,,,,
EC,Ecuador,dpv:Country,EC,ECU,218,218,"dpv-legal:Americas,dpv-legal:LatinAmericaandtheCaribbean,dpv-legal:SouthAmerica",,2022-03-30,,accepted,Harshvardhan J. Pandit,https://www.w3.org/2022/03/30-dpvcg-minutes.html,,,,,,,,,,,,
EG,Egypt,dpv:Country,EG,EGY,818,818,"dpv-legal:Africa,dpv-legal:NorthernAfrica",,2022-03-30,,accepted,Harshvardhan J. Pandit,https://www.w3.org/2022/03/30-dpvcg-minutes.html,,,,,,,,,,,,
SV,El Salvador,dpv:Country,SV,SLV,222,222,"dpv-legal:Americas,dpv-legal:LatinAmericaandtheCaribbean,dpv-legal:CentralAmerica",,2022-03-30,,accepted,Harshvardhan J. Pandit,https://www.w3.org/2022/03/30-dpvcg-minutes.html,,,,,,,,,,,,
GQ,Equatorial Guinea,dpv:Country,GQ,GNQ,226,226,"dpv-legal:Africa,dpv-legal:MiddleAfrica,dpv-legal:SubSaharanAfrica",,2022-03-30,,accepted,Harshvardhan J. Pandit,https://www.w3.org/2022/03/30-dpvcg-minutes.html,,,,,,,,,,,,
ER,Eritrea,dpv:Country,ER,ERI,232,232,"dpv-legal:Africa,dpv-legal:SubSaharanAfrica,dpv-legal:EasternAfrica",,2022-03-30,,accepted,Harshvardhan J. Pandit,https://www.w3.org/2022/03/30-dpvcg-minutes.html,,,,,,,,,,,,
EE,Estonia,dpv:Country,EE,EST,233,233,"dpv-legal:Europe,dpv-legal:NorthernEurope",,2022-03-30,,accepted,Harshvardhan J. Pandit,https://www.w3.org/2022/03/30-dpvcg-minutes.html,,,,,,,,,,,,
SZ,Eswatini,dpv:Country,SZ,SWZ,748,748,"dpv-legal:Africa,dpv-legal:SubSaharanAfrica,dpv-legal:SouthernAfrica",,2022-03-30,,accepted,Harshvardhan J. Pandit,https://www.w3.org/2022/03/30-dpvcg-minutes.html,,,,,,,,,,,,
ET,Ethiopia,dpv:Country,ET,ETH,231,231,"dpv-legal:Africa,dpv-legal:SubSaharanAfrica,dpv-legal:EasternAfrica",,2022-03-30,,accepted,Harshvardhan J. Pandit,https://www.w3.org/2022/03/30-dpvcg-minutes.html,,,,,,,,,,,,
Europe,Europe,dpv:Region,,,,,,"dpv-legal:DE,dpv-legal:AD,dpv-legal:CH,dpv-legal:FO,dpv-legal:GB,dpv-legal:GG,dpv-legal:IM,dpv-legal:JE,dpv-legal:NO,dpv-legal:AT,dpv-legal:BE,dpv-legal:BG,dpv-legal:DK,dpv-legal:EE,dpv-legal:ES,dpv-legal:FI,dpv-legal:FR,dpv-legal:GR,dpv-legal:HR,dpv-legal:HU,dpv-legal:IE,dpv-legal:IS,dpv-legal:IT,dpv-legal:LI,dpv-legal:LT,dpv-legal:LU,dpv-legal:LV,dpv-legal:MT,dpv-legal:NL,dpv-legal:PL,dpv-legal:PT,dpv-legal:RO,dpv-legal:SE,dpv-legal:SI,dpv-legal:SK,dpv-legal:AL,dpv-legal:SouthernEurope,dpv-legal:AX,dpv-legal:NorthernEurope,dpv-legal:BA,dpv-legal:BY,dpv-legal:EasternEurope,dpv-legal:CZ,dpv-legal:GI,dpv-legal:MC,dpv-legal:WesternEurope,dpv-legal:MD,dpv-legal:ME,dpv-legal:MK,dpv-legal:RS,dpv-legal:RU,dpv-legal:SJ,dpv-legal:SM,dpv-legal:UA,dpv-legal:VA,dpv-legal:Sark",2022-03-30,,accepted,Harshvardhan J. Pandit,https://www.w3.org/2022/03/30-dpvcg-minutes.html,,,,,,,,,,,,
FK,Falkland Islands (Malvinas),dpv:Country,FK,FLK,238,238,"dpv-legal:Americas,dpv-legal:LatinAmericaandtheCaribbean,dpv-legal:SouthAmerica",,2022-03-30,,accepted,Harshvardhan J. Pandit,https://www.w3.org/2022/03/30-dpvcg-minutes.html,,,,,,,,,,,,
FO,Faroe Islands,dpv:Country,FO,FRO,234,234,"dpv-legal:Europe,dpv-legal:NorthernEurope",,2022-03-30,,accepted,Harshvardhan J. Pandit,https://www.w3.org/2022/03/30-dpvcg-minutes.html,,,,,,,,,,,,
FJ,Fiji,dpv:Country,FJ,FJI,242,242,"dpv-legal:Oceania,dpv-legal:Melanesia",,2022-03-30,,accepted,Harshvardhan J. Pandit,https://www.w3.org/2022/03/30-dpvcg-minutes.html,,,,,,,,,,,,
FI,Finland,dpv:Country,FI,FIN,246,246,"dpv-legal:Europe,dpv-legal:NorthernEurope",,2022-03-30,,accepted,Harshvardhan J. Pandit,https://www.w3.org/2022/03/30-dpvcg-minutes.html,,,,,,,,,,,,
US-FL,Florida,dpv:Region,,,,,dpv-legal:US,,2022-03-30,,accepted,Harshvardhan J. Pandit,https://www.w3.org/2022/03/30-dpvcg-minutes.html,,,,,,,,,,,,
FR,France,dpv:Country,FR,FRA,250,250,"dpv-legal:Europe,dpv-legal:WesternEurope",,2022-03-30,,accepted,Harshvardhan J. Pandit,https://www.w3.org/2022/03/30-dpvcg-minutes.html,,,,,,,,,,,,
GF,French Guiana,dpv:Country,GF,GUF,254,254,"dpv-legal:Americas,dpv-legal:LatinAmericaandtheCaribbean,dpv-legal:SouthAmerica",,2022-03-30,,accepted,Harshvardhan J. Pandit,https://www.w3.org/2022/03/30-dpvcg-minutes.html,,,,,,,,,,,,
PF,French Polynesia,dpv:Country,PF,PYF,258,258,"dpv-legal:Oceania,dpv-legal:Polynesia",,2022-03-30,,accepted,Harshvardhan J. Pandit,https://www.w3.org/2022/03/30-dpvcg-minutes.html,,,,,,,,,,,,
TF,French Southern Territories,dpv:Country,TF,ATF,260,260,"dpv-legal:Africa,dpv-legal:SubSaharanAfrica,dpv-legal:EasternAfrica",,2022-03-30,,accepted,Harshvardhan J. Pandit,https://www.w3.org/2022/03/30-dpvcg-minutes.html,,,,,,,,,,,,
GA,Gabon,dpv:Country,GA,GAB,266,266,"dpv-legal:Africa,dpv-legal:MiddleAfrica,dpv-legal:SubSaharanAfrica",,2022-03-30,,accepted,Harshvardhan J. Pandit,https://www.w3.org/2022/03/30-dpvcg-minutes.html,,,,,,,,,,,,
GM,Gambia,dpv:Country,GM,GMB,270,270,"dpv-legal:Africa,dpv-legal:SubSaharanAfrica,dpv-legal:WesternAfrica",,2022-03-30,,accepted,Harshvardhan J. Pandit,https://www.w3.org/2022/03/30-dpvcg-minutes.html,,,,,,,,,,,,
GE,Georgia,dpv:Country,GE,GEO,268,268,"dpv-legal:Asia,dpv-legal:WesternAsia",,2022-03-30,,accepted,Harshvardhan J. Pandit,https://www.w3.org/2022/03/30-dpvcg-minutes.html,,,,,,,,,,,,
US-GA,Georgia,dpv:Region,,,,,dpv-legal:US,,2022-03-30,,accepted,Harshvardhan J. Pandit,https://www.w3.org/2022/03/30-dpvcg-minutes.html,,,,,,,,,,,,
DE,Germany,dpv:Country,DE,DEU,276,276,"dpv-legal:Europe,dpv-legal:WesternEurope",,2022-03-30,,accepted,Harshvardhan J. Pandit,https://www.w3.org/2022/03/30-dpvcg-minutes.html,,,,,,,,,,,,
GH,Ghana,dpv:Country,GH,GHA,288,288,"dpv-legal:Africa,dpv-legal:SubSaharanAfrica,dpv-legal:WesternAfrica",,2022-03-30,,accepted,Harshvardhan J. Pandit,https://www.w3.org/2022/03/30-dpvcg-minutes.html,,,,,,,,,,,,
GI,Gibraltar,dpv:Country,GI,GIB,292,292,"dpv-legal:Europe,dpv-legal:SouthernEurope",,2022-03-30,,accepted,Harshvardhan J. Pandit,https://www.w3.org/2022/03/30-dpvcg-minutes.html,,,,,,,,,,,,
GR,Greece,dpv:Country,GR,GRC,300,300,"dpv-legal:Europe,dpv-legal:SouthernEurope",,2022-03-30,,accepted,Harshvardhan J. Pandit,https://www.w3.org/2022/03/30-dpvcg-minutes.html,,,,,,,,,,,,
GL,Greenland,dpv:Country,GL,GRL,304,304,"dpv-legal:Americas,dpv-legal:NorthernAmerica",,2022-03-30,,accepted,Harshvardhan J. Pandit,https://www.w3.org/2022/03/30-dpvcg-minutes.html,,,,,,,,,,,,
GD,Grenada,dpv:Country,GD,GRD,308,308,"dpv-legal:Americas,dpv-legal:Caribbean,dpv-legal:LatinAmericaandtheCaribbean",,2022-03-30,,accepted,Harshvardhan J. Pandit,https://www.w3.org/2022/03/30-dpvcg-minutes.html,,,,,,,,,,,,
GP,Guadeloupe,dpv:Country,GP,GLP,312,312,"dpv-legal:Americas,dpv-legal:Caribbean,dpv-legal:LatinAmericaandtheCaribbean",,2022-03-30,,accepted,Harshvardhan J. Pandit,https://www.w3.org/2022/03/30-dpvcg-minutes.html,,,,,,,,,,,,
GU,Guam,dpv:Country,GU,GUM,316,316,"dpv-legal:Oceania,dpv-legal:Micronesia",,2022-03-30,,accepted,Harshvardhan J. Pandit,https://www.w3.org/2022/03/30-dpvcg-minutes.html,,,,,,,,,,,,
US-GU,Guam,dpv:Region,,,,,dpv-legal:US,,2022-03-30,,accepted,Harshvardhan J. Pandit,https://www.w3.org/2022/03/30-dpvcg-minutes.html,,,,,,,,,,,,
GT,Guatemala,dpv:Country,GT,GTM,320,320,"dpv-legal:Americas,dpv-legal:LatinAmericaandtheCaribbean,dpv-legal:CentralAmerica",,2022-03-30,,accepted,Harshvardhan J. Pandit,https://www.w3.org/2022/03/30-dpvcg-minutes.html,,,,,,,,,,,,
GG,Guernsey,dpv:Country,GG,GGY,831,831,"dpv-legal:Europe,dpv-legal:NorthernEurope,dpv-legal:ChannelIslands",,2022-03-30,,accepted,Harshvardhan J. Pandit,https://www.w3.org/2022/03/30-dpvcg-minutes.html,,,,,,,,,,,,
GN,Guinea,dpv:Country,GN,GIN,324,324,"dpv-legal:Africa,dpv-legal:SubSaharanAfrica,dpv-legal:WesternAfrica",,2022-03-30,,accepted,Harshvardhan J. Pandit,https://www.w3.org/2022/03/30-dpvcg-minutes.html,,,,,,,,,,,,
GW,Guinea-Bissau,dpv:Country,GW,GNB,624,624,"dpv-legal:Africa,dpv-legal:SubSaharanAfrica,dpv-legal:WesternAfrica",,2022-03-30,,accepted,Harshvardhan J. Pandit,https://www.w3.org/2022/03/30-dpvcg-minutes.html,,,,,,,,,,,,
GY,Guyana,dpv:Country,GY,GUY,328,328,"dpv-legal:Americas,dpv-legal:LatinAmericaandtheCaribbean,dpv-legal:SouthAmerica",,2022-03-30,,accepted,Harshvardhan J. Pandit,https://www.w3.org/2022/03/30-dpvcg-minutes.html,,,,,,,,,,,,
HT,Haiti,dpv:Country,HT,HTI,332,332,"dpv-legal:Americas,dpv-legal:Caribbean,dpv-legal:LatinAmericaandtheCaribbean",,2022-03-30,,accepted,Harshvardhan J. Pandit,https://www.w3.org/2022/03/30-dpvcg-minutes.html,,,,,,,,,,,,
DE-HH,Hamburg,dpv:Region,,,,,dpv-legal:DE,,2022-03-30,,accepted,Harshvardhan J. Pandit,https://www.w3.org/2022/03/30-dpvcg-minutes.html,,,,,,,,,,,,
US-HI,Hawaii,dpv:Region,,,,,dpv-legal:US,,2022-03-30,,accepted,Harshvardhan J. Pandit,https://www.w3.org/2022/03/30-dpvcg-minutes.html,,,,,,,,,,,,
HM,Heard Island and McDonald Islands,dpv:Country,HM,HMD,334,334,"dpv-legal:Oceania,dpv-legal:AustraliaandNewZealand",,2022-03-30,,accepted,Harshvardhan J. Pandit,https://www.w3.org/2022/03/30-dpvcg-minutes.html,,,,,,,,,,,,
DE-HE,Hesse,dpv:Region,,,,,dpv-legal:DE,,2022-03-30,,accepted,Harshvardhan J. Pandit,https://www.w3.org/2022/03/30-dpvcg-minutes.html,,,,,,,,,,,,
VA,Holy See,dpv:Country,VA,VAT,336,336,"dpv-legal:Europe,dpv-legal:SouthernEurope",,2022-03-30,,accepted,Harshvardhan J. Pandit,https://www.w3.org/2022/03/30-dpvcg-minutes.html,,,,,,,,,,,,
HN,Honduras,dpv:Country,HN,HND,340,340,"dpv-legal:Americas,dpv-legal:LatinAmericaandtheCaribbean,dpv-legal:CentralAmerica",,2022-03-30,,accepted,Harshvardhan J. Pandit,https://www.w3.org/2022/03/30-dpvcg-minutes.html,,,,,,,,,,,,
HU,Hungary,dpv:Country,HU,HUN,348,348,"dpv-legal:Europe,dpv-legal:EasternEurope",,2022-03-30,,accepted,Harshvardhan J. Pandit,https://www.w3.org/2022/03/30-dpvcg-minutes.html,,,,,,,,,,,,
IS,Iceland,dpv:Country,IS,ISL,352,352,"dpv-legal:Europe,dpv-legal:NorthernEurope",,2022-03-30,,accepted,Harshvardhan J. Pandit,https://www.w3.org/2022/03/30-dpvcg-minutes.html,,,,,,,,,,,,
US-ID,Idaho,dpv:Region,,,,,dpv-legal:US,,2022-03-30,,accepted,Harshvardhan J. Pandit,https://www.w3.org/2022/03/30-dpvcg-minutes.html,,,,,,,,,,,,
US-IL,Illinois,dpv:Region,,,,,dpv-legal:US,,2022-03-30,,accepted,Harshvardhan J. Pandit,https://www.w3.org/2022/03/30-dpvcg-minutes.html,,,,,,,,,,,,
IN,India,dpv:Country,IN,IND,356,356,"dpv-legal:Asia,dpv-legal:SouthernAsia",,2022-03-30,,accepted,Harshvardhan J. Pandit,https://www.w3.org/2022/03/30-dpvcg-minutes.html,,,,,,,,,,,,
US-IN,Indiana,dpv:Region,,,,,dpv-legal:US,,2022-03-30,,accepted,Harshvardhan J. Pandit,https://www.w3.org/2022/03/30-dpvcg-minutes.html,,,,,,,,,,,,
ID,Indonesia,dpv:Country,ID,IDN,360,360,"dpv-legal:Asia,dpv-legal:SoutheasternAsia",,2022-03-30,,accepted,Harshvardhan J. Pandit,https://www.w3.org/2022/03/30-dpvcg-minutes.html,,,,,,,,,,,,
US-IA,Iowa,dpv:Region,,,,,dpv-legal:US,,2022-03-30,,accepted,Harshvardhan J. Pandit,https://www.w3.org/2022/03/30-dpvcg-minutes.html,,,,,,,,,,,,
IR,Iran (Islamic Republic of),dpv:Country,IR,IRN,364,364,"dpv-legal:Asia,dpv-legal:SouthernAsia",,2022-03-30,,accepted,Harshvardhan J. Pandit,https://www.w3.org/2022/03/30-dpvcg-minutes.html,,,,,,,,,,,,
IQ,Iraq,dpv:Country,IQ,IRQ,368,368,"dpv-legal:Asia,dpv-legal:WesternAsia",,2022-03-30,,accepted,Harshvardhan J. Pandit,https://www.w3.org/2022/03/30-dpvcg-minutes.html,,,,,,,,,,,,
IE,Ireland,dpv:Country,IE,IRL,372,372,"dpv-legal:Europe,dpv-legal:NorthernEurope",,2022-03-30,,accepted,Harshvardhan J. Pandit,https://www.w3.org/2022/03/30-dpvcg-minutes.html,,,,,,,,,,,,
IM,Isle of Man,dpv:Country,IM,IMN,833,833,"dpv-legal:Europe,dpv-legal:NorthernEurope",,2022-03-30,,accepted,Harshvardhan J. Pandit,https://www.w3.org/2022/03/30-dpvcg-minutes.html,,,,,,,,,,,,
IL,Israel,dpv:Country,IL,ISR,376,376,"dpv-legal:Asia,dpv-legal:WesternAsia",,2022-03-30,,accepted,Harshvardhan J. Pandit,https://www.w3.org/2022/03/30-dpvcg-minutes.html,,,,,,,,,,,,
IT,Italy,dpv:Country,IT,ITA,380,380,"dpv-legal:Europe,dpv-legal:SouthernEurope",,2022-03-30,,accepted,Harshvardhan J. Pandit,https://www.w3.org/2022/03/30-dpvcg-minutes.html,,,,,,,,,,,,
JM,Jamaica,dpv:Country,JM,JAM,388,388,"dpv-legal:Americas,dpv-legal:Caribbean,dpv-legal:LatinAmericaandtheCaribbean",,2022-03-30,,accepted,Harshvardhan J. Pandit,https://www.w3.org/2022/03/30-dpvcg-minutes.html,,,,,,,,,,,,
JP,Japan,dpv:Country,JP,JPN,392,392,"dpv-legal:Asia,dpv-legal:EasternAsia",,2022-03-30,,accepted,Harshvardhan J. Pandit,https://www.w3.org/2022/03/30-dpvcg-minutes.html,,,,,,,,,,,,
JE,Jersey,dpv:Country,JE,JEY,832,832,"dpv-legal:Europe,dpv-legal:NorthernEurope,dpv-legal:ChannelIslands",,2022-03-30,,accepted,Harshvardhan J. Pandit,https://www.w3.org/2022/03/30-dpvcg-minutes.html,,,,,,,,,,,,
JO,Jordan,dpv:Country,JO,JOR,400,400,"dpv-legal:Asia,dpv-legal:WesternAsia",,2022-03-30,,accepted,Harshvardhan J. Pandit,https://www.w3.org/2022/03/30-dpvcg-minutes.html,,,,,,,,,,,,
US-KS,Kansas,dpv:Region,,,,,dpv-legal:US,,2022-03-30,,accepted,Harshvardhan J. Pandit,https://www.w3.org/2022/03/30-dpvcg-minutes.html,,,,,,,,,,,,
KZ,Kazakhstan,dpv:Country,KZ,KAZ,398,398,"dpv-legal:Asia,dpv-legal:CentralAsia",,2022-03-30,,accepted,Harshvardhan J. Pandit,https://www.w3.org/2022/03/30-dpvcg-minutes.html,,,,,,,,,,,,
US-KY,Kentucky,dpv:Region,,,,,dpv-legal:US,,2022-03-30,,accepted,Harshvardhan J. Pandit,https://www.w3.org/2022/03/30-dpvcg-minutes.html,,,,,,,,,,,,
KE,Kenya,dpv:Country,KE,KEN,404,404,"dpv-legal:Africa,dpv-legal:SubSaharanAfrica,dpv-legal:EasternAfrica",,2022-03-30,,accepted,Harshvardhan J. Pandit,https://www.w3.org/2022/03/30-dpvcg-minutes.html,,,,,,,,,,,,
KI,Kiribati,dpv:Country,KI,KIR,296,296,"dpv-legal:Oceania,dpv-legal:Micronesia",,2022-03-30,,accepted,Harshvardhan J. Pandit,https://www.w3.org/2022/03/30-dpvcg-minutes.html,,,,,,,,,,,,
KW,Kuwait,dpv:Country,KW,KWT,414,414,"dpv-legal:Asia,dpv-legal:WesternAsia",,2022-03-30,,accepted,Harshvardhan J. Pandit,https://www.w3.org/2022/03/30-dpvcg-minutes.html,,,,,,,,,,,,
KG,Kyrgyzstan,dpv:Country,KG,KGZ,417,417,"dpv-legal:Asia,dpv-legal:CentralAsia",,2022-03-30,,accepted,Harshvardhan J. Pandit,https://www.w3.org/2022/03/30-dpvcg-minutes.html,,,,,,,,,,,,
LA,Lao People's Democratic Republic,dpv:Country,LA,LAO,418,418,"dpv-legal:Asia,dpv-legal:SoutheasternAsia",,2022-03-30,,accepted,Harshvardhan J. Pandit,https://www.w3.org/2022/03/30-dpvcg-minutes.html,,,,,,,,,,,,
LatinAmericaandtheCaribbean,LatinAmericaandtheCaribbean,dpv:Region,,,,,"dpv-legal:Americas,dpv-legal:Americas,dpv-legal:Americas,dpv-legal:Americas,dpv-legal:Americas,dpv-legal:Americas,dpv-legal:Americas,dpv-legal:Americas,dpv-legal:Americas,dpv-legal:Americas,dpv-legal:Americas,dpv-legal:Americas,dpv-legal:Americas,dpv-legal:Americas,dpv-legal:Americas,dpv-legal:Americas,dpv-legal:Americas,dpv-legal:Americas,dpv-legal:Americas,dpv-legal:Americas,dpv-legal:Americas,dpv-legal:Americas,dpv-legal:Americas,dpv-legal:Americas,dpv-legal:Americas,dpv-legal:Americas,dpv-legal:Americas,dpv-legal:Americas,dpv-legal:Americas,dpv-legal:Americas,dpv-legal:Americas,dpv-legal:Americas,dpv-legal:Americas,dpv-legal:Americas,dpv-legal:Americas,dpv-legal:Americas,dpv-legal:Americas,dpv-legal:Americas,dpv-legal:Americas,dpv-legal:Americas,dpv-legal:Americas,dpv-legal:Americas,dpv-legal:Americas,dpv-legal:Americas,dpv-legal:Americas,dpv-legal:Americas,dpv-legal:Americas,dpv-legal:Americas,dpv-legal:Americas,dpv-legal:Americas,dpv-legal:Americas,dpv-legal:Americas,dpv-legal:Americas,dpv-legal:Americas,dpv-legal:Americas","dpv-legal:AR,dpv-legal:UY,dpv-legal:AG,dpv-legal:Caribbean,dpv-legal:AI,dpv-legal:AW,dpv-legal:BB,dpv-legal:BL,dpv-legal:BO,dpv-legal:SouthAmerica,dpv-legal:BQ,dpv-legal:BR,dpv-legal:BS,dpv-legal:BV,dpv-legal:BZ,dpv-legal:CentralAmerica,dpv-legal:CL,dpv-legal:CO,dpv-legal:CR,dpv-legal:CU,dpv-legal:CW,dpv-legal:DM,dpv-legal:DO,dpv-legal:EC,dpv-legal:FK,dpv-legal:GD,dpv-legal:GF,dpv-legal:GP,dpv-legal:GS,dpv-legal:GT,dpv-legal:GY,dpv-legal:HN,dpv-legal:HT,dpv-legal:JM,dpv-legal:KN,dpv-legal:KY,dpv-legal:LC,dpv-legal:MF,dpv-legal:MQ,dpv-legal:MS,dpv-legal:MX,dpv-legal:NI,dpv-legal:PA,dpv-legal:PE,dpv-legal:PR,dpv-legal:PY,dpv-legal:SR,dpv-legal:SV,dpv-legal:SX,dpv-legal:TC,dpv-legal:TT,dpv-legal:VC,dpv-legal:VE,dpv-legal:VG,dpv-legal:VI",2022-03-30,,accepted,Harshvardhan J. Pandit,https://www.w3.org/2022/03/30-dpvcg-minutes.html,,,,,,,,,,,,
LV,Latvia,dpv:Country,LV,LVA,428,428,"dpv-legal:Europe,dpv-legal:NorthernEurope",,2022-03-30,,accepted,Harshvardhan J. Pandit,https://www.w3.org/2022/03/30-dpvcg-minutes.html,,,,,,,,,,,,
LB,Lebanon,dpv:Country,LB,LBN,422,422,"dpv-legal:Asia,dpv-legal:WesternAsia",,2022-03-30,,accepted,Harshvardhan J. Pandit,https://www.w3.org/2022/03/30-dpvcg-minutes.html,,,,,,,,,,,,
LS,Lesotho,dpv:Country,LS,LSO,426,426,"dpv-legal:Africa,dpv-legal:SubSaharanAfrica,dpv-legal:SouthernAfrica",,2022-03-30,,accepted,Harshvardhan J. Pandit,https://www.w3.org/2022/03/30-dpvcg-minutes.html,,,,,,,,,,,,
LR,Liberia,dpv:Country,LR,LBR,430,430,"dpv-legal:Africa,dpv-legal:SubSaharanAfrica,dpv-legal:WesternAfrica",,2022-03-30,,accepted,Harshvardhan J. Pandit,https://www.w3.org/2022/03/30-dpvcg-minutes.html,,,,,,,,,,,,
LY,Libya,dpv:Country,LY,LBY,434,434,"dpv-legal:Africa,dpv-legal:NorthernAfrica",,2022-03-30,,accepted,Harshvardhan J. Pandit,https://www.w3.org/2022/03/30-dpvcg-minutes.html,,,,,,,,,,,,
LI,Liechtenstein,dpv:Country,LI,LIE,438,438,"dpv-legal:Europe,dpv-legal:WesternEurope",,2022-03-30,,accepted,Harshvardhan J. Pandit,https://www.w3.org/2022/03/30-dpvcg-minutes.html,,,,,,,,,,,,
LT,Lithuania,dpv:Country,LT,LTU,440,440,"dpv-legal:Europe,dpv-legal:NorthernEurope",,2022-03-30,,accepted,Harshvardhan J. Pandit,https://www.w3.org/2022/03/30-dpvcg-minutes.html,,,,,,,,,,,,
US-LA,Louisiana,dpv:Region,,,,,dpv-legal:US,,2022-03-30,,accepted,Harshvardhan J. Pandit,https://www.w3.org/2022/03/30-dpvcg-minutes.html,,,,,,,,,,,,
DE-NI,Lower-Saxony,dpv:Region,,,,,dpv-legal:DE,,2022-03-30,,accepted,Harshvardhan J. Pandit,https://www.w3.org/2022/03/30-dpvcg-minutes.html,,,,,,,,,,,,
LU,Luxembourg,dpv:Country,LU,LUX,442,442,"dpv-legal:Europe,dpv-legal:WesternEurope",,2022-03-30,,accepted,Harshvardhan J. Pandit,https://www.w3.org/2022/03/30-dpvcg-minutes.html,,,,,,,,,,,,
MG,Madagascar,dpv:Country,MG,MDG,450,450,"dpv-legal:Africa,dpv-legal:SubSaharanAfrica,dpv-legal:EasternAfrica",,2022-03-30,,accepted,Harshvardhan J. Pandit,https://www.w3.org/2022/03/30-dpvcg-minutes.html,,,,,,,,,,,,
US-ME,Maine,dpv:Region,,,,,dpv-legal:US,,2022-03-30,,accepted,Harshvardhan J. Pandit,https://www.w3.org/2022/03/30-dpvcg-minutes.html,,,,,,,,,,,,
MW,Malawi,dpv:Country,MW,MWI,454,454,"dpv-legal:Africa,dpv-legal:SubSaharanAfrica,dpv-legal:EasternAfrica",,2022-03-30,,accepted,Harshvardhan J. Pandit,https://www.w3.org/2022/03/30-dpvcg-minutes.html,,,,,,,,,,,,
MY,Malaysia,dpv:Country,MY,MYS,458,458,"dpv-legal:Asia,dpv-legal:SoutheasternAsia",,2022-03-30,,accepted,Harshvardhan J. Pandit,https://www.w3.org/2022/03/30-dpvcg-minutes.html,,,,,,,,,,,,
MV,Maldives,dpv:Country,MV,MDV,462,462,"dpv-legal:Asia,dpv-legal:SouthernAsia",,2022-03-30,,accepted,Harshvardhan J. Pandit,https://www.w3.org/2022/03/30-dpvcg-minutes.html,,,,,,,,,,,,
ML,Mali,dpv:Country,ML,MLI,466,466,"dpv-legal:Africa,dpv-legal:SubSaharanAfrica,dpv-legal:WesternAfrica",,2022-03-30,,accepted,Harshvardhan J. Pandit,https://www.w3.org/2022/03/30-dpvcg-minutes.html,,,,,,,,,,,,
MT,Malta,dpv:Country,MT,MLT,470,470,"dpv-legal:Europe,dpv-legal:SouthernEurope",,2022-03-30,,accepted,Harshvardhan J. Pandit,https://www.w3.org/2022/03/30-dpvcg-minutes.html,,,,,,,,,,,,
MH,Marshall Islands,dpv:Country,MH,MHL,584,584,"dpv-legal:Oceania,dpv-legal:Micronesia",,2022-03-30,,accepted,Harshvardhan J. Pandit,https://www.w3.org/2022/03/30-dpvcg-minutes.html,,,,,,,,,,,,
MQ,Martinique,dpv:Country,MQ,MTQ,474,474,"dpv-legal:Americas,dpv-legal:Caribbean,dpv-legal:LatinAmericaandtheCaribbean",,2022-03-30,,accepted,Harshvardhan J. Pandit,https://www.w3.org/2022/03/30-dpvcg-minutes.html,,,,,,,,,,,,
US-MD,Maryland,dpv:Region,,,,,dpv-legal:US,,2022-03-30,,accepted,Harshvardhan J. Pandit,https://www.w3.org/2022/03/30-dpvcg-minutes.html,,,,,,,,,,,,
US-MA,Massachusetts,dpv:Region,,,,,dpv-legal:US,,2022-03-30,,accepted,Harshvardhan J. Pandit,https://www.w3.org/2022/03/30-dpvcg-minutes.html,,,,,,,,,,,,
MR,Mauritania,dpv:Country,MR,MRT,478,478,"dpv-legal:Africa,dpv-legal:SubSaharanAfrica,dpv-legal:WesternAfrica",,2022-03-30,,accepted,Harshvardhan J. Pandit,https://www.w3.org/2022/03/30-dpvcg-minutes.html,,,,,,,,,,,,
MU,Mauritius,dpv:Country,MU,MUS,480,480,"dpv-legal:Africa,dpv-legal:SubSaharanAfrica,dpv-legal:EasternAfrica",,2022-03-30,,accepted,Harshvardhan J. Pandit,https://www.w3.org/2022/03/30-dpvcg-minutes.html,,,,,,,,,,,,
YT,Mayotte,dpv:Country,YT,MYT,175,175,"dpv-legal:Africa,dpv-legal:SubSaharanAfrica,dpv-legal:EasternAfrica",,2022-03-30,,accepted,Harshvardhan J. Pandit,https://www.w3.org/2022/03/30-dpvcg-minutes.html,,,,,,,,,,,,
DE-MV,Mecklenburg-Western-Pomerania,dpv:Region,,,,,dpv-legal:DE,,2022-03-30,,accepted,Harshvardhan J. Pandit,https://www.w3.org/2022/03/30-dpvcg-minutes.html,,,,,,,,,,,,
Melanesia,Melanesia,dpv:Region,,,,,"dpv-legal:Oceania,dpv-legal:Oceania,dpv-legal:Oceania,dpv-legal:Oceania,dpv-legal:Oceania","dpv-legal:FJ,dpv-legal:NC,dpv-legal:PG,dpv-legal:SB,dpv-legal:VU",2022-03-30,,accepted,Harshvardhan J. Pandit,https://www.w3.org/2022/03/30-dpvcg-minutes.html,,,,,,,,,,,,
MX,Mexico,dpv:Country,MX,MEX,484,484,"dpv-legal:Americas,dpv-legal:LatinAmericaandtheCaribbean,dpv-legal:CentralAmerica",,2022-03-30,,accepted,Harshvardhan J. Pandit,https://www.w3.org/2022/03/30-dpvcg-minutes.html,,,,,,,,,,,,
US-MI,Michigan,dpv:Region,,,,,dpv-legal:US,,2022-03-30,,accepted,Harshvardhan J. Pandit,https://www.w3.org/2022/03/30-dpvcg-minutes.html,,,,,,,,,,,,
Micronesia,Micronesia,dpv:Region,,,,,"dpv-legal:Oceania,dpv-legal:Oceania,dpv-legal:Oceania,dpv-legal:Oceania,dpv-legal:Oceania,dpv-legal:Oceania,dpv-legal:Oceania,dpv-legal:Oceania","dpv-legal:FM,dpv-legal:GU,dpv-legal:KI,dpv-legal:MH,dpv-legal:MP,dpv-legal:NR,dpv-legal:PW,dpv-legal:UM",2022-03-30,,accepted,Harshvardhan J. Pandit,https://www.w3.org/2022/03/30-dpvcg-minutes.html,,,,,,,,,,,,
FM,Micronesia (Federated States of),dpv:Country,FM,FSM,583,583,"dpv-legal:Oceania,dpv-legal:Micronesia",,2022-03-30,,accepted,Harshvardhan J. Pandit,https://www.w3.org/2022/03/30-dpvcg-minutes.html,,,,,,,,,,,,
MiddleAfrica,MiddleAfrica,dpv:Region,,,,,"dpv-legal:SubSaharanAfrica,dpv-legal:SubSaharanAfrica,dpv-legal:SubSaharanAfrica,dpv-legal:SubSaharanAfrica,dpv-legal:SubSaharanAfrica,dpv-legal:SubSaharanAfrica,dpv-legal:SubSaharanAfrica,dpv-legal:SubSaharanAfrica,dpv-legal:SubSaharanAfrica","dpv-legal:AO,dpv-legal:CD,dpv-legal:CF,dpv-legal:CG,dpv-legal:CM,dpv-legal:GA,dpv-legal:GQ,dpv-legal:ST,dpv-legal:TD",2022-03-30,,accepted,Harshvardhan J. Pandit,https://www.w3.org/2022/03/30-dpvcg-minutes.html,,,,,,,,,,,,
US-MN,Minnesota,dpv:Region,,,,,dpv-legal:US,,2022-03-30,,accepted,Harshvardhan J. Pandit,https://www.w3.org/2022/03/30-dpvcg-minutes.html,,,,,,,,,,,,
US-MS,Mississippi,dpv:Region,,,,,dpv-legal:US,,2022-03-30,,accepted,Harshvardhan J. Pandit,https://www.w3.org/2022/03/30-dpvcg-minutes.html,,,,,,,,,,,,
US-MO,Missouri,dpv:Region,,,,,dpv-legal:US,,2022-03-30,,accepted,Harshvardhan J. Pandit,https://www.w3.org/2022/03/30-dpvcg-minutes.html,,,,,,,,,,,,
MC,Monaco,dpv:Country,MC,MCO,492,492,"dpv-legal:Europe,dpv-legal:WesternEurope",,2022-03-30,,accepted,Harshvardhan J. Pandit,https://www.w3.org/2022/03/30-dpvcg-minutes.html,,,,,,,,,,,,
MN,Mongolia,dpv:Country,MN,MNG,496,496,"dpv-legal:Asia,dpv-legal:EasternAsia",,2022-03-30,,accepted,Harshvardhan J. Pandit,https://www.w3.org/2022/03/30-dpvcg-minutes.html,,,,,,,,,,,,
US-MT,Montana,dpv:Region,,,,,dpv-legal:US,,2022-03-30,,accepted,Harshvardhan J. Pandit,https://www.w3.org/2022/03/30-dpvcg-minutes.html,,,,,,,,,,,,
ME,Montenegro,dpv:Country,ME,MNE,499,499,"dpv-legal:Europe,dpv-legal:SouthernEurope",,2022-03-30,,accepted,Harshvardhan J. Pandit,https://www.w3.org/2022/03/30-dpvcg-minutes.html,,,,,,,,,,,,
MS,Montserrat,dpv:Country,MS,MSR,500,500,"dpv-legal:Americas,dpv-legal:Caribbean,dpv-legal:LatinAmericaandtheCaribbean",,2022-03-30,,accepted,Harshvardhan J. Pandit,https://www.w3.org/2022/03/30-dpvcg-minutes.html,,,,,,,,,,,,
MA,Morocco,dpv:Country,MA,MAR,504,504,"dpv-legal:Africa,dpv-legal:NorthernAfrica",,2022-03-30,,accepted,Harshvardhan J. Pandit,https://www.w3.org/2022/03/30-dpvcg-minutes.html,,,,,,,,,,,,
MZ,Mozambique,dpv:Country,MZ,MOZ,508,508,"dpv-legal:Africa,dpv-legal:SubSaharanAfrica,dpv-legal:EasternAfrica",,2022-03-30,,accepted,Harshvardhan J. Pandit,https://www.w3.org/2022/03/30-dpvcg-minutes.html,,,,,,,,,,,,
MM,Myanmar,dpv:Country,MM,MMR,104,104,"dpv-legal:Asia,dpv-legal:SoutheasternAsia",,2022-03-30,,accepted,Harshvardhan J. Pandit,https://www.w3.org/2022/03/30-dpvcg-minutes.html,,,,,,,,,,,,
NA,Namibia,dpv:Country,NA,NAM,516,516,"dpv-legal:Africa,dpv-legal:SubSaharanAfrica,dpv-legal:SouthernAfrica",,2022-03-30,,accepted,Harshvardhan J. Pandit,https://www.w3.org/2022/03/30-dpvcg-minutes.html,,,,,,,,,,,,
NR,Nauru,dpv:Country,NR,NRU,520,520,"dpv-legal:Oceania,dpv-legal:Micronesia",,2022-03-30,,accepted,Harshvardhan J. Pandit,https://www.w3.org/2022/03/30-dpvcg-minutes.html,,,,,,,,,,,,
US-NE,Nebraska,dpv:Region,,,,,dpv-legal:US,,2022-03-30,,accepted,Harshvardhan J. Pandit,https://www.w3.org/2022/03/30-dpvcg-minutes.html,,,,,,,,,,,,
NP,Nepal,dpv:Country,NP,NPL,524,524,"dpv-legal:Asia,dpv-legal:SouthernAsia",,2022-03-30,,accepted,Harshvardhan J. Pandit,https://www.w3.org/2022/03/30-dpvcg-minutes.html,,,,,,,,,,,,
NL,Netherlands,dpv:Country,NL,NLD,528,528,"dpv-legal:Europe,dpv-legal:WesternEurope",,2022-03-30,,accepted,Harshvardhan J. Pandit,https://www.w3.org/2022/03/30-dpvcg-minutes.html,,,,,,,,,,,,
US-NV,Nevada,dpv:Region,,,,,dpv-legal:US,,2022-03-30,,accepted,Harshvardhan J. Pandit,https://www.w3.org/2022/03/30-dpvcg-minutes.html,,,,,,,,,,,,
NC,New Caledonia,dpv:Country,NC,NCL,540,540,"dpv-legal:Oceania,dpv-legal:Melanesia",,2022-03-30,,accepted,Harshvardhan J. Pandit,https://www.w3.org/2022/03/30-dpvcg-minutes.html,,,,,,,,,,,,
US-NH,New Hampshire,dpv:Region,,,,,dpv-legal:US,,2022-03-30,,accepted,Harshvardhan J. Pandit,https://www.w3.org/2022/03/30-dpvcg-minutes.html,,,,,,,,,,,,
US-NJ,New Jersey,dpv:Region,,,,,dpv-legal:US,,2022-03-30,,accepted,Harshvardhan J. Pandit,https://www.w3.org/2022/03/30-dpvcg-minutes.html,,,,,,,,,,,,
US-NM,New Mexico,dpv:Region,,,,,dpv-legal:US,,2022-03-30,,accepted,Harshvardhan J. Pandit,https://www.w3.org/2022/03/30-dpvcg-minutes.html,,,,,,,,,,,,
US-NY,New York,dpv:Region,,,,,dpv-legal:US,,2022-03-30,,accepted,Harshvardhan J. Pandit,https://www.w3.org/2022/03/30-dpvcg-minutes.html,,,,,,,,,,,,
NZ,New Zealand,dpv:Country,NZ,NZL,554,554,"dpv-legal:Oceania,dpv-legal:AustraliaandNewZealand",,2022-03-30,,accepted,Harshvardhan J. Pandit,https://www.w3.org/2022/03/30-dpvcg-minutes.html,,,,,,,,,,,,
NI,Nicaragua,dpv:Country,NI,NIC,558,558,"dpv-legal:Americas,dpv-legal:LatinAmericaandtheCaribbean,dpv-legal:CentralAmerica",,2022-03-30,,accepted,Harshvardhan J. Pandit,https://www.w3.org/2022/03/30-dpvcg-minutes.html,,,,,,,,,,,,
NE,Niger,dpv:Country,NE,NER,562,562,"dpv-legal:Africa,dpv-legal:SubSaharanAfrica,dpv-legal:WesternAfrica",,2022-03-30,,accepted,Harshvardhan J. Pandit,https://www.w3.org/2022/03/30-dpvcg-minutes.html,,,,,,,,,,,,
NG,Nigeria,dpv:Country,NG,NGA,566,566,"dpv-legal:Africa,dpv-legal:SubSaharanAfrica,dpv-legal:WesternAfrica",,2022-03-30,,accepted,Harshvardhan J. Pandit,https://www.w3.org/2022/03/30-dpvcg-minutes.html,,,,,,,,,,,,
NU,Niue,dpv:Country,NU,NIU,570,570,"dpv-legal:Oceania,dpv-legal:Polynesia",,2022-03-30,,accepted,Harshvardhan J. Pandit,https://www.w3.org/2022/03/30-dpvcg-minutes.html,,,,,,,,,,,,
NF,Norfolk Island,dpv:Country,NF,NFK,574,574,"dpv-legal:Oceania,dpv-legal:AustraliaandNewZealand",,2022-03-30,,accepted,Harshvardhan J. Pandit,https://www.w3.org/2022/03/30-dpvcg-minutes.html,,,,,,,,,,,,
US-NC,North Carolina,dpv:Region,,,,,dpv-legal:US,,2022-03-30,,accepted,Harshvardhan J. Pandit,https://www.w3.org/2022/03/30-dpvcg-minutes.html,,,,,,,,,,,,
US-ND,North Dakota,dpv:Region,,,,,dpv-legal:US,,2022-03-30,,accepted,Harshvardhan J. Pandit,https://www.w3.org/2022/03/30-dpvcg-minutes.html,,,,,,,,,,,,
MK,North Macedonia,dpv:Country,MK,MKD,807,807,"dpv-legal:Europe,dpv-legal:SouthernEurope",,2022-03-30,,accepted,Harshvardhan J. Pandit,https://www.w3.org/2022/03/30-dpvcg-minutes.html,,,,,,,,,,,,
DE-NW,North-Rhine Westphalia,dpv:Region,,,,,dpv-legal:DE,,2022-03-30,,accepted,Harshvardhan J. Pandit,https://www.w3.org/2022/03/30-dpvcg-minutes.html,,,,,,,,,,,,
MP,Northern Mariana Islands,dpv:Country,MP,MNP,580,580,"dpv-legal:Oceania,dpv-legal:Micronesia",,2022-03-30,,accepted,Harshvardhan J. Pandit,https://www.w3.org/2022/03/30-dpvcg-minutes.html,,,,,,,,,,,,
US-MP,Northern Mariana Islands,dpv:Region,,,,,dpv-legal:US,,2022-03-30,,accepted,Harshvardhan J. Pandit,https://www.w3.org/2022/03/30-dpvcg-minutes.html,,,,,,,,,,,,
NorthernAfrica,NorthernAfrica,dpv:Region,,,,,"dpv-legal:Africa,dpv-legal:Africa,dpv-legal:Africa,dpv-legal:Africa,dpv-legal:Africa,dpv-legal:Africa,dpv-legal:Africa","dpv-legal:DZ,dpv-legal:EG,dpv-legal:EH,dpv-legal:LY,dpv-legal:MA,dpv-legal:SD,dpv-legal:TN",2022-03-30,,accepted,Harshvardhan J. Pandit,https://www.w3.org/2022/03/30-dpvcg-minutes.html,,,,,,,,,,,,
NorthernAmerica,NorthernAmerica,dpv:Region,,,,,"dpv-legal:Americas,dpv-legal:Americas,dpv-legal:Americas,dpv-legal:Americas,dpv-legal:Americas","dpv-legal:CA,dpv-legal:BM,dpv-legal:GL,dpv-legal:PM,dpv-legal:US",2022-03-30,,accepted,Harshvardhan J. Pandit,https://www.w3.org/2022/03/30-dpvcg-minutes.html,,,,,,,,,,,,
NorthernEurope,NorthernEurope,dpv:Region,,,,,"dpv-legal:Europe,dpv-legal:Europe,dpv-legal:Europe,dpv-legal:Europe,dpv-legal:Europe,dpv-legal:Europe,dpv-legal:Europe,dpv-legal:Europe,dpv-legal:Europe,dpv-legal:Europe,dpv-legal:Europe,dpv-legal:Europe,dpv-legal:Europe,dpv-legal:Europe,dpv-legal:Europe,dpv-legal:Europe,dpv-legal:Europe,dpv-legal:Europe","dpv-legal:FO,dpv-legal:GB,dpv-legal:GG,dpv-legal:IM,dpv-legal:JE,dpv-legal:NO,dpv-legal:DK,dpv-legal:EE,dpv-legal:FI,dpv-legal:IE,dpv-legal:IS,dpv-legal:LT,dpv-legal:LV,dpv-legal:SE,dpv-legal:AX,dpv-legal:SJ,dpv-legal:Sark,dpv-legal:ChannelIslands",2022-03-30,,accepted,Harshvardhan J. Pandit,https://www.w3.org/2022/03/30-dpvcg-minutes.html,,,,,,,,,,,,
NO,Norway,dpv:Country,NO,NOR,578,578,"dpv-legal:Europe,dpv-legal:NorthernEurope",,2022-03-30,,accepted,Harshvardhan J. Pandit,https://www.w3.org/2022/03/30-dpvcg-minutes.html,,,,,,,,,,,,
Oceania,Oceania,dpv:Region,,,,,,"dpv-legal:NZ,dpv-legal:AS,dpv-legal:Polynesia,dpv-legal:AU,dpv-legal:AustraliaandNewZealand,dpv-legal:CC,dpv-legal:CK,dpv-legal:CX,dpv-legal:FJ,dpv-legal:Melanesia,dpv-legal:FM,dpv-legal:Micronesia,dpv-legal:GU,dpv-legal:HM,dpv-legal:KI,dpv-legal:MH,dpv-legal:MP,dpv-legal:NC,dpv-legal:NF,dpv-legal:NR,dpv-legal:NU,dpv-legal:PF,dpv-legal:PG,dpv-legal:PN,dpv-legal:PW,dpv-legal:SB,dpv-legal:TK,dpv-legal:TO,dpv-legal:TV,dpv-legal:UM,dpv-legal:VU,dpv-legal:WF,dpv-legal:WS",2022-03-30,,accepted,Harshvardhan J. Pandit,https://www.w3.org/2022/03/30-dpvcg-minutes.html,,,,,,,,,,,,
US-OH,Ohio,dpv:Region,,,,,dpv-legal:US,,2022-03-30,,accepted,Harshvardhan J. Pandit,https://www.w3.org/2022/03/30-dpvcg-minutes.html,,,,,,,,,,,,
US-OK,Oklahoma,dpv:Region,,,,,dpv-legal:US,,2022-03-30,,accepted,Harshvardhan J. Pandit,https://www.w3.org/2022/03/30-dpvcg-minutes.html,,,,,,,,,,,,
OM,Oman,dpv:Country,OM,OMN,512,512,"dpv-legal:Asia,dpv-legal:WesternAsia",,2022-03-30,,accepted,Harshvardhan J. Pandit,https://www.w3.org/2022/03/30-dpvcg-minutes.html,,,,,,,,,,,,
US-OR,Oregon,dpv:Region,,,,,dpv-legal:US,,2022-03-30,,accepted,Harshvardhan J. Pandit,https://www.w3.org/2022/03/30-dpvcg-minutes.html,,,,,,,,,,,,
PK,Pakistan,dpv:Country,PK,PAK,586,586,"dpv-legal:Asia,dpv-legal:SouthernAsia",,2022-03-30,,accepted,Harshvardhan J. Pandit,https://www.w3.org/2022/03/30-dpvcg-minutes.html,,,,,,,,,,,,
PW,Palau,dpv:Country,PW,PLW,585,585,"dpv-legal:Oceania,dpv-legal:Micronesia",,2022-03-30,,accepted,Harshvardhan J. Pandit,https://www.w3.org/2022/03/30-dpvcg-minutes.html,,,,,,,,,,,,
PA,Panama,dpv:Country,PA,PAN,591,591,"dpv-legal:Americas,dpv-legal:LatinAmericaandtheCaribbean,dpv-legal:CentralAmerica",,2022-03-30,,accepted,Harshvardhan J. Pandit,https://www.w3.org/2022/03/30-dpvcg-minutes.html,,,,,,,,,,,,
PG,Papua New Guinea,dpv:Country,PG,PNG,598,598,"dpv-legal:Oceania,dpv-legal:Melanesia",,2022-03-30,,accepted,Harshvardhan J. Pandit,https://www.w3.org/2022/03/30-dpvcg-minutes.html,,,,,,,,,,,,
PY,Paraguay,dpv:Country,PY,PRY,600,600,"dpv-legal:Americas,dpv-legal:LatinAmericaandtheCaribbean,dpv-legal:SouthAmerica",,2022-03-30,,accepted,Harshvardhan J. Pandit,https://www.w3.org/2022/03/30-dpvcg-minutes.html,,,,,,,,,,,,
US-PA,Pennsylvania,dpv:Region,,,,,dpv-legal:US,,2022-03-30,,accepted,Harshvardhan J. Pandit,https://www.w3.org/2022/03/30-dpvcg-minutes.html,,,,,,,,,,,,
PE,Peru,dpv:Country,PE,PER,604,604,"dpv-legal:Americas,dpv-legal:LatinAmericaandtheCaribbean,dpv-legal:SouthAmerica",,2022-03-30,,accepted,Harshvardhan J. Pandit,https://www.w3.org/2022/03/30-dpvcg-minutes.html,,,,,,,,,,,,
PH,Philippines,dpv:Country,PH,PHL,608,608,"dpv-legal:Asia,dpv-legal:SoutheasternAsia",,2022-03-30,,accepted,Harshvardhan J. Pandit,https://www.w3.org/2022/03/30-dpvcg-minutes.html,,,,,,,,,,,,
PN,Pitcairn,dpv:Country,PN,PCN,612,612,"dpv-legal:Oceania,dpv-legal:Polynesia",,2022-03-30,,accepted,Harshvardhan J. Pandit,https://www.w3.org/2022/03/30-dpvcg-minutes.html,,,,,,,,,,,,
PL,Poland,dpv:Country,PL,POL,616,616,"dpv-legal:Europe,dpv-legal:EasternEurope",,2022-03-30,,accepted,Harshvardhan J. Pandit,https://www.w3.org/2022/03/30-dpvcg-minutes.html,,,,,,,,,,,,
Polynesia,Polynesia,dpv:Region,,,,,"dpv-legal:Oceania,dpv-legal:Oceania,dpv-legal:Oceania,dpv-legal:Oceania,dpv-legal:Oceania,dpv-legal:Oceania,dpv-legal:Oceania,dpv-legal:Oceania,dpv-legal:Oceania,dpv-legal:Oceania","dpv-legal:AS,dpv-legal:CK,dpv-legal:NU,dpv-legal:PF,dpv-legal:PN,dpv-legal:TK,dpv-legal:TO,dpv-legal:TV,dpv-legal:WF,dpv-legal:WS",2022-03-30,,accepted,Harshvardhan J. Pandit,https://www.w3.org/2022/03/30-dpvcg-minutes.html,,,,,,,,,,,,
PT,Portugal,dpv:Country,PT,PRT,620,620,"dpv-legal:Europe,dpv-legal:SouthernEurope",,2022-03-30,,accepted,Harshvardhan J. Pandit,https://www.w3.org/2022/03/30-dpvcg-minutes.html,,,,,,,,,,,,
PR,Puerto Rico,dpv:Country,PR,PRI,630,630,"dpv-legal:Americas,dpv-legal:Caribbean,dpv-legal:LatinAmericaandtheCaribbean",,2022-03-30,,accepted,Harshvardhan J. Pandit,https://www.w3.org/2022/03/30-dpvcg-minutes.html,,,,,,,,,,,,
US-PR,Puerto Rico,dpv:Region,,,,,dpv-legal:US,,2022-03-30,,accepted,Harshvardhan J. Pandit,https://www.w3.org/2022/03/30-dpvcg-minutes.html,,,,,,,,,,,,
QA,Qatar,dpv:Country,QA,QAT,634,634,"dpv-legal:Asia,dpv-legal:WesternAsia",,2022-03-30,,accepted,Harshvardhan J. Pandit,https://www.w3.org/2022/03/30-dpvcg-minutes.html,,,,,,,,,,,,
KR,Republic of Korea,dpv:Country,KR,KOR,410,410,"dpv-legal:Asia,dpv-legal:EasternAsia",,2022-03-30,,accepted,Harshvardhan J. Pandit,https://www.w3.org/2022/03/30-dpvcg-minutes.html,,,,,,,,,,,,
MD,Republic of Moldova,dpv:Country,MD,MDA,498,498,"dpv-legal:Europe,dpv-legal:EasternEurope",,2022-03-30,,accepted,Harshvardhan J. Pandit,https://www.w3.org/2022/03/30-dpvcg-minutes.html,,,,,,,,,,,,
DE-RP,Rhineland-Palatinate,dpv:Region,,,,,dpv-legal:DE,,2022-03-30,,accepted,Harshvardhan J. Pandit,https://www.w3.org/2022/03/30-dpvcg-minutes.html,,,,,,,,,,,,
US-RI,Rhode Island,dpv:Region,,,,,dpv-legal:US,,2022-03-30,,accepted,Harshvardhan J. Pandit,https://www.w3.org/2022/03/30-dpvcg-minutes.html,,,,,,,,,,,,
RO,Romania,dpv:Country,RO,ROU,642,642,"dpv-legal:Europe,dpv-legal:EasternEurope",,2022-03-30,,accepted,Harshvardhan J. Pandit,https://www.w3.org/2022/03/30-dpvcg-minutes.html,,,,,,,,,,,,
RU,Russian Federation,dpv:Country,RU,RUS,643,643,"dpv-legal:Europe,dpv-legal:EasternEurope",,2022-03-30,,accepted,Harshvardhan J. Pandit,https://www.w3.org/2022/03/30-dpvcg-minutes.html,,,,,,,,,,,,
RW,Rwanda,dpv:Country,RW,RWA,646,646,"dpv-legal:Africa,dpv-legal:SubSaharanAfrica,dpv-legal:EasternAfrica",,2022-03-30,,accepted,Harshvardhan J. Pandit,https://www.w3.org/2022/03/30-dpvcg-minutes.html,,,,,,,,,,,,
RE,Réunion,dpv:Country,RE,REU,638,638,"dpv-legal:Africa,dpv-legal:SubSaharanAfrica,dpv-legal:EasternAfrica",,2022-03-30,,accepted,Harshvardhan J. Pandit,https://www.w3.org/2022/03/30-dpvcg-minutes.html,,,,,,,,,,,,
DE-SL,Saarland,dpv:Region,,,,,dpv-legal:DE,,2022-03-30,,accepted,Harshvardhan J. Pandit,https://www.w3.org/2022/03/30-dpvcg-minutes.html,,,,,,,,,,,,
BL,Saint Barthélemy,dpv:Country,BL,BLM,652,652,"dpv-legal:Americas,dpv-legal:Caribbean,dpv-legal:LatinAmericaandtheCaribbean",,2022-03-30,,accepted,Harshvardhan J. Pandit,https://www.w3.org/2022/03/30-dpvcg-minutes.html,,,,,,,,,,,,
SH,Saint Helena,dpv:Country,SH,SHN,654,654,"dpv-legal:Africa,dpv-legal:SubSaharanAfrica,dpv-legal:WesternAfrica",,2022-03-30,,accepted,Harshvardhan J. Pandit,https://www.w3.org/2022/03/30-dpvcg-minutes.html,,,,,,,,,,,,
KN,Saint Kitts and Nevis,dpv:Country,KN,KNA,659,659,"dpv-legal:Americas,dpv-legal:Caribbean,dpv-legal:LatinAmericaandtheCaribbean",,2022-03-30,,accepted,Harshvardhan J. Pandit,https://www.w3.org/2022/03/30-dpvcg-minutes.html,,,,,,,,,,,,
LC,Saint Lucia,dpv:Country,LC,LCA,662,662,"dpv-legal:Americas,dpv-legal:Caribbean,dpv-legal:LatinAmericaandtheCaribbean",,2022-03-30,,accepted,Harshvardhan J. Pandit,https://www.w3.org/2022/03/30-dpvcg-minutes.html,,,,,,,,,,,,
MF,Saint Martin (French Part),dpv:Country,MF,MAF,663,663,"dpv-legal:Americas,dpv-legal:Caribbean,dpv-legal:LatinAmericaandtheCaribbean",,2022-03-30,,accepted,Harshvardhan J. Pandit,https://www.w3.org/2022/03/30-dpvcg-minutes.html,,,,,,,,,,,,
PM,Saint Pierre and Miquelon,dpv:Country,PM,SPM,666,666,"dpv-legal:Americas,dpv-legal:NorthernAmerica",,2022-03-30,,accepted,Harshvardhan J. Pandit,https://www.w3.org/2022/03/30-dpvcg-minutes.html,,,,,,,,,,,,
VC,Saint Vincent and the Grenadines,dpv:Country,VC,VCT,670,670,"dpv-legal:Americas,dpv-legal:Caribbean,dpv-legal:LatinAmericaandtheCaribbean",,2022-03-30,,accepted,Harshvardhan J. Pandit,https://www.w3.org/2022/03/30-dpvcg-minutes.html,,,,,,,,,,,,
WS,Samoa,dpv:Country,WS,WSM,882,882,"dpv-legal:Oceania,dpv-legal:Polynesia",,2022-03-30,,accepted,Harshvardhan J. Pandit,https://www.w3.org/2022/03/30-dpvcg-minutes.html,,,,,,,,,,,,
SM,San Marino,dpv:Country,SM,SMR,674,674,"dpv-legal:Europe,dpv-legal:SouthernEurope",,2022-03-30,,accepted,Harshvardhan J. Pandit,https://www.w3.org/2022/03/30-dpvcg-minutes.html,,,,,,,,,,,,
ST,Sao Tome and Principe,dpv:Country,ST,STP,678,678,"dpv-legal:Africa,dpv-legal:MiddleAfrica,dpv-legal:SubSaharanAfrica",,2022-03-30,,accepted,Harshvardhan J. Pandit,https://www.w3.org/2022/03/30-dpvcg-minutes.html,,,,,,,,,,,,
Sark,Sark,dpv:Region,,,,,"dpv-legal:Europe,dpv-legal:NorthernEurope,dpv-legal:ChannelIslands",,2022-03-30,,accepted,Harshvardhan J. Pandit,https://www.w3.org/2022/03/30-dpvcg-minutes.html,,,,,,,,,,,,
SA,Saudi Arabia,dpv:Country,SA,SAU,682,682,"dpv-legal:Asia,dpv-legal:WesternAsia",,2022-03-30,,accepted,Harshvardhan J. Pandit,https://www.w3.org/2022/03/30-dpvcg-minutes.html,,,,,,,,,,,,
DE-SN,Saxony,dpv:Region,,,,,dpv-legal:DE,,2022-03-30,,accepted,Harshvardhan J. Pandit,https://www.w3.org/2022/03/30-dpvcg-minutes.html,,,,,,,,,,,,
DE-ST,Saxony-Anhalt,dpv:Region,,,,,dpv-legal:DE,,2022-03-30,,accepted,Harshvardhan J. Pandit,https://www.w3.org/2022/03/30-dpvcg-minutes.html,,,,,,,,,,,,
DE-SH,Schleswig-Holstein,dpv:Region,,,,,dpv-legal:DE,,2022-03-30,,accepted,Harshvardhan J. Pandit,https://www.w3.org/2022/03/30-dpvcg-minutes.html,,,,,,,,,,,,
SN,Senegal,dpv:Country,SN,SEN,686,686,"dpv-legal:Africa,dpv-legal:SubSaharanAfrica,dpv-legal:WesternAfrica",,2022-03-30,,accepted,Harshvardhan J. Pandit,https://www.w3.org/2022/03/30-dpvcg-minutes.html,,,,,,,,,,,,
RS,Serbia,dpv:Country,RS,SRB,688,688,"dpv-legal:Europe,dpv-legal:SouthernEurope",,2022-03-30,,accepted,Harshvardhan J. Pandit,https://www.w3.org/2022/03/30-dpvcg-minutes.html,,,,,,,,,,,,
SC,Seychelles,dpv:Country,SC,SYC,690,690,"dpv-legal:Africa,dpv-legal:SubSaharanAfrica,dpv-legal:EasternAfrica",,2022-03-30,,accepted,Harshvardhan J. Pandit,https://www.w3.org/2022/03/30-dpvcg-minutes.html,,,,,,,,,,,,
SL,Sierra Leone,dpv:Country,SL,SLE,694,694,"dpv-legal:Africa,dpv-legal:SubSaharanAfrica,dpv-legal:WesternAfrica",,2022-03-30,,accepted,Harshvardhan J. Pandit,https://www.w3.org/2022/03/30-dpvcg-minutes.html,,,,,,,,,,,,
SG,Singapore,dpv:Country,SG,SGP,702,702,"dpv-legal:Asia,dpv-legal:SoutheasternAsia",,2022-03-30,,accepted,Harshvardhan J. Pandit,https://www.w3.org/2022/03/30-dpvcg-minutes.html,,,,,,,,,,,,
SX,Sint Maarten (Dutch part),dpv:Country,SX,SXM,534,534,"dpv-legal:Americas,dpv-legal:Caribbean,dpv-legal:LatinAmericaandtheCaribbean",,2022-03-30,,accepted,Harshvardhan J. Pandit,https://www.w3.org/2022/03/30-dpvcg-minutes.html,,,,,,,,,,,,
SK,Slovakia,dpv:Country,SK,SVK,703,703,"dpv-legal:Europe,dpv-legal:EasternEurope",,2022-03-30,,accepted,Harshvardhan J. Pandit,https://www.w3.org/2022/03/30-dpvcg-minutes.html,,,,,,,,,,,,
SI,Slovenia,dpv:Country,SI,SVN,705,705,"dpv-legal:Europe,dpv-legal:SouthernEurope",,2022-03-30,,accepted,Harshvardhan J. Pandit,https://www.w3.org/2022/03/30-dpvcg-minutes.html,,,,,,,,,,,,
SB,Solomon Islands,dpv:Country,SB,SLB,90,90,"dpv-legal:Oceania,dpv-legal:Melanesia",,2022-03-30,,accepted,Harshvardhan J. Pandit,https://www.w3.org/2022/03/30-dpvcg-minutes.html,,,,,,,,,,,,
SO,Somalia,dpv:Country,SO,SOM,706,706,"dpv-legal:Africa,dpv-legal:SubSaharanAfrica,dpv-legal:EasternAfrica",,2022-03-30,,accepted,Harshvardhan J. Pandit,https://www.w3.org/2022/03/30-dpvcg-minutes.html,,,,,,,,,,,,
ZA,South Africa,dpv:Country,ZA,ZAF,710,710,"dpv-legal:Africa,dpv-legal:SubSaharanAfrica,dpv-legal:SouthernAfrica",,2022-03-30,,accepted,Harshvardhan J. Pandit,https://www.w3.org/2022/03/30-dpvcg-minutes.html,,,,,,,,,,,,
US-SC,South Carolina,dpv:Region,,,,,dpv-legal:US,,2022-03-30,,accepted,Harshvardhan J. Pandit,https://www.w3.org/2022/03/30-dpvcg-minutes.html,,,,,,,,,,,,
US-SD,South Dakota,dpv:Region,,,,,dpv-legal:US,,2022-03-30,,accepted,Harshvardhan J. Pandit,https://www.w3.org/2022/03/30-dpvcg-minutes.html,,,,,,,,,,,,
GS,South Georgia and the South Sandwich Islands,dpv:Country,GS,SGS,239,239,"dpv-legal:Americas,dpv-legal:LatinAmericaandtheCaribbean,dpv-legal:SouthAmerica",,2022-03-30,,accepted,Harshvardhan J. Pandit,https://www.w3.org/2022/03/30-dpvcg-minutes.html,,,,,,,,,,,,
SS,South Sudan,dpv:Country,SS,SSD,728,728,"dpv-legal:Africa,dpv-legal:SubSaharanAfrica,dpv-legal:EasternAfrica",,2022-03-30,,accepted,Harshvardhan J. Pandit,https://www.w3.org/2022/03/30-dpvcg-minutes.html,,,,,,,,,,,,
SouthAmerica,SouthAmerica,dpv:Region,,,,,"dpv-legal:LatinAmericaandtheCaribbean,dpv-legal:LatinAmericaandtheCaribbean,dpv-legal:LatinAmericaandtheCaribbean,dpv-legal:LatinAmericaandtheCaribbean,dpv-legal:LatinAmericaandtheCaribbean,dpv-legal:LatinAmericaandtheCaribbean,dpv-legal:LatinAmericaandtheCaribbean,dpv-legal:LatinAmericaandtheCaribbean,dpv-legal:LatinAmericaandtheCaribbean,dpv-legal:LatinAmericaandtheCaribbean,dpv-legal:LatinAmericaandtheCaribbean,dpv-legal:LatinAmericaandtheCaribbean,dpv-legal:LatinAmericaandtheCaribbean,dpv-legal:LatinAmericaandtheCaribbean,dpv-legal:LatinAmericaandtheCaribbean,dpv-legal:LatinAmericaandtheCaribbean","dpv-legal:AR,dpv-legal:UY,dpv-legal:BO,dpv-legal:BR,dpv-legal:BV,dpv-legal:CL,dpv-legal:CO,dpv-legal:EC,dpv-legal:FK,dpv-legal:GF,dpv-legal:GS,dpv-legal:GY,dpv-legal:PE,dpv-legal:PY,dpv-legal:SR,dpv-legal:VE",2022-03-30,,accepted,Harshvardhan J. Pandit,https://www.w3.org/2022/03/30-dpvcg-minutes.html,,,,,,,,,,,,
SoutheasternAsia,SoutheasternAsia,dpv:Region,,,,,"dpv-legal:Asia,dpv-legal:Asia,dpv-legal:Asia,dpv-legal:Asia,dpv-legal:Asia,dpv-legal:Asia,dpv-legal:Asia,dpv-legal:Asia,dpv-legal:Asia,dpv-legal:Asia,dpv-legal:Asia","dpv-legal:BN,dpv-legal:ID,dpv-legal:KH,dpv-legal:LA,dpv-legal:MM,dpv-legal:MY,dpv-legal:PH,dpv-legal:SG,dpv-legal:TH,dpv-legal:TL,dpv-legal:VN",2022-03-30,,accepted,Harshvardhan J. Pandit,https://www.w3.org/2022/03/30-dpvcg-minutes.html,,,,,,,,,,,,
SouthernAfrica,SouthernAfrica,dpv:Region,,,,,"dpv-legal:SubSaharanAfrica,dpv-legal:SubSaharanAfrica,dpv-legal:SubSaharanAfrica,dpv-legal:SubSaharanAfrica,dpv-legal:SubSaharanAfrica","dpv-legal:BW,dpv-legal:LS,dpv-legal:NA,dpv-legal:SZ,dpv-legal:ZA",2022-03-30,,accepted,Harshvardhan J. Pandit,https://www.w3.org/2022/03/30-dpvcg-minutes.html,,,,,,,,,,,,
SouthernAsia,SouthernAsia,dpv:Region,,,,,"dpv-legal:Asia,dpv-legal:Asia,dpv-legal:Asia,dpv-legal:Asia,dpv-legal:Asia,dpv-legal:Asia,dpv-legal:Asia,dpv-legal:Asia,dpv-legal:Asia","dpv-legal:AF,dpv-legal:BD,dpv-legal:BT,dpv-legal:IN,dpv-legal:IR,dpv-legal:LK,dpv-legal:MV,dpv-legal:NP,dpv-legal:PK",2022-03-30,,accepted,Harshvardhan J. Pandit,https://www.w3.org/2022/03/30-dpvcg-minutes.html,,,,,,,,,,,,
SouthernEurope,SouthernEurope,dpv:Region,,,,,"dpv-legal:Europe,dpv-legal:Europe,dpv-legal:Europe,dpv-legal:Europe,dpv-legal:Europe,dpv-legal:Europe,dpv-legal:Europe,dpv-legal:Europe,dpv-legal:Europe,dpv-legal:Europe,dpv-legal:Europe,dpv-legal:Europe,dpv-legal:Europe,dpv-legal:Europe,dpv-legal:Europe,dpv-legal:Europe","dpv-legal:AD,dpv-legal:ES,dpv-legal:GR,dpv-legal:HR,dpv-legal:IT,dpv-legal:MT,dpv-legal:PT,dpv-legal:SI,dpv-legal:AL,dpv-legal:BA,dpv-legal:GI,dpv-legal:ME,dpv-legal:MK,dpv-legal:RS,dpv-legal:SM,dpv-legal:VA",2022-03-30,,accepted,Harshvardhan J. Pandit,https://www.w3.org/2022/03/30-dpvcg-minutes.html,,,,,,,,,,,,
ES,Spain,dpv:Country,ES,ESP,724,724,"dpv-legal:Europe,dpv-legal:SouthernEurope",,2022-03-30,,accepted,Harshvardhan J. Pandit,https://www.w3.org/2022/03/30-dpvcg-minutes.html,,,,,,,,,,,,
LK,Sri Lanka,dpv:Country,LK,LKA,144,144,"dpv-legal:Asia,dpv-legal:SouthernAsia",,2022-03-30,,accepted,Harshvardhan J. Pandit,https://www.w3.org/2022/03/30-dpvcg-minutes.html,,,,,,,,,,,,
PS,State of Palestine,dpv:Country,PS,PSE,275,275,"dpv-legal:Asia,dpv-legal:WesternAsia",,2022-03-30,,accepted,Harshvardhan J. Pandit,https://www.w3.org/2022/03/30-dpvcg-minutes.html,,,,,,,,,,,,
SubSaharanAfrica,SubSaharanAfrica,dpv:Region,,,,,"dpv-legal:Africa,dpv-legal:Africa,dpv-legal:Africa,dpv-legal:Africa,dpv-legal:Africa,dpv-legal:Africa,dpv-legal:Africa,dpv-legal:Africa,dpv-legal:Africa,dpv-legal:Africa,dpv-legal:Africa,dpv-legal:Africa,dpv-legal:Africa,dpv-legal:Africa,dpv-legal:Africa,dpv-legal:Africa,dpv-legal:Africa,dpv-legal:Africa,dpv-legal:Africa,dpv-legal:Africa,dpv-legal:Africa,dpv-legal:Africa,dpv-legal:Africa,dpv-legal:Africa,dpv-legal:Africa,dpv-legal:Africa,dpv-legal:Africa,dpv-legal:Africa,dpv-legal:Africa,dpv-legal:Africa,dpv-legal:Africa,dpv-legal:Africa,dpv-legal:Africa,dpv-legal:Africa,dpv-legal:Africa,dpv-legal:Africa,dpv-legal:Africa,dpv-legal:Africa,dpv-legal:Africa,dpv-legal:Africa,dpv-legal:Africa,dpv-legal:Africa,dpv-legal:Africa,dpv-legal:Africa,dpv-legal:Africa,dpv-legal:Africa,dpv-legal:Africa,dpv-legal:Africa,dpv-legal:Africa,dpv-legal:Africa,dpv-legal:Africa,dpv-legal:Africa,dpv-legal:Africa,dpv-legal:Africa,dpv-legal:Africa,dpv-legal:Africa,dpv-legal:Africa","dpv-legal:AO,dpv-legal:MiddleAfrica,dpv-legal:BF,dpv-legal:WesternAfrica,dpv-legal:BI,dpv-legal:EasternAfrica,dpv-legal:BJ,dpv-legal:BW,dpv-legal:SouthernAfrica,dpv-legal:CD,dpv-legal:CF,dpv-legal:CG,dpv-legal:CI,dpv-legal:CM,dpv-legal:CV,dpv-legal:DJ,dpv-legal:ER,dpv-legal:ET,dpv-legal:GA,dpv-legal:GH,dpv-legal:GM,dpv-legal:GN,dpv-legal:GQ,dpv-legal:GW,dpv-legal:IO,dpv-legal:KE,dpv-legal:KM,dpv-legal:LR,dpv-legal:LS,dpv-legal:MG,dpv-legal:ML,dpv-legal:MR,dpv-legal:MU,dpv-legal:MW,dpv-legal:MZ,dpv-legal:NA,dpv-legal:NE,dpv-legal:NG,dpv-legal:RE,dpv-legal:RW,dpv-legal:SC,dpv-legal:SH,dpv-legal:SL,dpv-legal:SN,dpv-legal:SO,dpv-legal:SS,dpv-legal:ST,dpv-legal:SZ,dpv-legal:TD,dpv-legal:TF,dpv-legal:TG,dpv-legal:TZ,dpv-legal:UG,dpv-legal:YT,dpv-legal:ZA,dpv-legal:ZM,dpv-legal:ZW",2022-03-30,,accepted,Harshvardhan J. Pandit,https://www.w3.org/2022/03/30-dpvcg-minutes.html,,,,,,,,,,,,
SD,Sudan,dpv:Country,SD,SDN,729,729,"dpv-legal:Africa,dpv-legal:NorthernAfrica",,2022-03-30,,accepted,Harshvardhan J. Pandit,https://www.w3.org/2022/03/30-dpvcg-minutes.html,,,,,,,,,,,,
SR,Suriname,dpv:Country,SR,SUR,740,740,"dpv-legal:Americas,dpv-legal:LatinAmericaandtheCaribbean,dpv-legal:SouthAmerica",,2022-03-30,,accepted,Harshvardhan J. Pandit,https://www.w3.org/2022/03/30-dpvcg-minutes.html,,,,,,,,,,,,
SJ,Svalbard and Jan Mayen Islands,dpv:Country,SJ,SJM,744,744,"dpv-legal:Europe,dpv-legal:NorthernEurope",,2022-03-30,,accepted,Harshvardhan J. Pandit,https://www.w3.org/2022/03/30-dpvcg-minutes.html,,,,,,,,,,,,
SE,Sweden,dpv:Country,SE,SWE,752,752,"dpv-legal:Europe,dpv-legal:NorthernEurope",,2022-03-30,,accepted,Harshvardhan J. Pandit,https://www.w3.org/2022/03/30-dpvcg-minutes.html,,,,,,,,,,,,
CH,Switzerland,dpv:Country,CH,CHE,756,756,"dpv-legal:Europe,dpv-legal:WesternEurope",,2022-03-30,,accepted,Harshvardhan J. Pandit,https://www.w3.org/2022/03/30-dpvcg-minutes.html,,,,,,,,,,,,
SY,Syrian Arab Republic,dpv:Country,SY,SYR,760,760,"dpv-legal:Asia,dpv-legal:WesternAsia",,2022-03-30,,accepted,Harshvardhan J. Pandit,https://www.w3.org/2022/03/30-dpvcg-minutes.html,,,,,,,,,,,,
TW,Taiwan (Province of China),dpv:Country,,,,,,,2022-03-30,,accepted,Harshvardhan J. Pandit,https://www.w3.org/2022/03/30-dpvcg-minutes.html,,,,,,,,,,,,
TJ,Tajikistan,dpv:Country,TJ,TJK,762,762,"dpv-legal:Asia,dpv-legal:CentralAsia",,2022-03-30,,accepted,Harshvardhan J. Pandit,https://www.w3.org/2022/03/30-dpvcg-minutes.html,,,,,,,,,,,,
US-TN,Tennessee,dpv:Region,,,,,dpv-legal:US,,2022-03-30,,accepted,Harshvardhan J. Pandit,https://www.w3.org/2022/03/30-dpvcg-minutes.html,,,,,,,,,,,,
US-TX,Texas,dpv:Region,,,,,dpv-legal:US,,2022-03-30,,accepted,Harshvardhan J. Pandit,https://www.w3.org/2022/03/30-dpvcg-minutes.html,,,,,,,,,,,,
TH,Thailand,dpv:Country,TH,THA,764,764,"dpv-legal:Asia,dpv-legal:SoutheasternAsia",,2022-03-30,,accepted,Harshvardhan J. Pandit,https://www.w3.org/2022/03/30-dpvcg-minutes.html,,,,,,,,,,,,
DE-TH,Thuringia,dpv:Region,,,,,dpv-legal:DE,,2022-03-30,,accepted,Harshvardhan J. Pandit,https://www.w3.org/2022/03/30-dpvcg-minutes.html,,,,,,,,,,,,
TL,Timor-Leste,dpv:Country,TL,TLS,626,626,"dpv-legal:Asia,dpv-legal:SoutheasternAsia",,2022-03-30,,accepted,Harshvardhan J. Pandit,https://www.w3.org/2022/03/30-dpvcg-minutes.html,,,,,,,,,,,,
TG,Togo,dpv:Country,TG,TGO,768,768,"dpv-legal:Africa,dpv-legal:SubSaharanAfrica,dpv-legal:WesternAfrica",,2022-03-30,,accepted,Harshvardhan J. Pandit,https://www.w3.org/2022/03/30-dpvcg-minutes.html,,,,,,,,,,,,
TK,Tokelau,dpv:Country,TK,TKL,772,772,"dpv-legal:Oceania,dpv-legal:Polynesia",,2022-03-30,,accepted,Harshvardhan J. Pandit,https://www.w3.org/2022/03/30-dpvcg-minutes.html,,,,,,,,,,,,
TO,Tonga,dpv:Country,TO,TON,776,776,"dpv-legal:Oceania,dpv-legal:Polynesia",,2022-03-30,,accepted,Harshvardhan J. Pandit,https://www.w3.org/2022/03/30-dpvcg-minutes.html,,,,,,,,,,,,
TT,Trinidad and Tobago,dpv:Country,TT,TTO,780,780,"dpv-legal:Americas,dpv-legal:Caribbean,dpv-legal:LatinAmericaandtheCaribbean",,2022-03-30,,accepted,Harshvardhan J. Pandit,https://www.w3.org/2022/03/30-dpvcg-minutes.html,,,,,,,,,,,,
TN,Tunisia,dpv:Country,TN,TUN,788,788,"dpv-legal:Africa,dpv-legal:NorthernAfrica",,2022-03-30,,accepted,Harshvardhan J. Pandit,https://www.w3.org/2022/03/30-dpvcg-minutes.html,,,,,,,,,,,,
TR,Turkey,dpv:Country,TR,TUR,792,792,"dpv-legal:Asia,dpv-legal:WesternAsia",,2022-03-30,,accepted,Harshvardhan J. Pandit,https://www.w3.org/2022/03/30-dpvcg-minutes.html,,,,,,,,,,,,
TM,Turkmenistan,dpv:Country,TM,TKM,795,795,"dpv-legal:Asia,dpv-legal:CentralAsia",,2022-03-30,,accepted,Harshvardhan J. Pandit,https://www.w3.org/2022/03/30-dpvcg-minutes.html,,,,,,,,,,,,
TC,Turks and Caicos Islands,dpv:Country,TC,TCA,796,796,"dpv-legal:Americas,dpv-legal:Caribbean,dpv-legal:LatinAmericaandtheCaribbean",,2022-03-30,,accepted,Harshvardhan J. Pandit,https://www.w3.org/2022/03/30-dpvcg-minutes.html,,,,,,,,,,,,
TV,Tuvalu,dpv:Country,TV,TUV,798,798,"dpv-legal:Oceania,dpv-legal:Polynesia",,2022-03-30,,accepted,Harshvardhan J. Pandit,https://www.w3.org/2022/03/30-dpvcg-minutes.html,,,,,,,,,,,,
US-VI,U.S. Virgin Islands,dpv:Region,,,,,dpv-legal:US,,2022-03-30,,accepted,Harshvardhan J. Pandit,https://www.w3.org/2022/03/30-dpvcg-minutes.html,,,,,,,,,,,,
UG,Uganda,dpv:Country,UG,UGA,800,800,"dpv-legal:Africa,dpv-legal:SubSaharanAfrica,dpv-legal:EasternAfrica",,2022-03-30,,accepted,Harshvardhan J. Pandit,https://www.w3.org/2022/03/30-dpvcg-minutes.html,,,,,,,,,,,,
UA,Ukraine,dpv:Country,UA,UKR,804,804,"dpv-legal:Europe,dpv-legal:EasternEurope",,2022-03-30,,accepted,Harshvardhan J. Pandit,https://www.w3.org/2022/03/30-dpvcg-minutes.html,,,,,,,,,,,,
AE,United Arab Emirates,dpv:Country,AE,ARE,784,784,"dpv-legal:Asia,dpv-legal:WesternAsia",,2022-03-30,,accepted,Harshvardhan J. Pandit,https://www.w3.org/2022/03/30-dpvcg-minutes.html,,,,,,,,,,,,
GB,United Kingdom of Great Britain and Northern Ireland,dpv:Country,GB,GBR,826,826,"dpv-legal:Europe,dpv-legal:NorthernEurope",,2022-03-30,,accepted,Harshvardhan J. Pandit,https://www.w3.org/2022/03/30-dpvcg-minutes.html,,,,,,,,,,,,
TZ,United Republic of Tanzania,dpv:Country,TZ,TZA,834,834,"dpv-legal:Africa,dpv-legal:SubSaharanAfrica,dpv-legal:EasternAfrica",,2022-03-30,,accepted,Harshvardhan J. Pandit,https://www.w3.org/2022/03/30-dpvcg-minutes.html,,,,,,,,,,,,
UM,United States Minor Outlying Islands,dpv:Country,UM,UMI,581,581,"dpv-legal:Oceania,dpv-legal:Micronesia",,2022-03-30,,accepted,Harshvardhan J. Pandit,https://www.w3.org/2022/03/30-dpvcg-minutes.html,,,,,,,,,,,,
US-UM,United States Minor Outlying Islands,dpv:Region,,,,,dpv-legal:US,,2022-03-30,,accepted,Harshvardhan J. Pandit,https://www.w3.org/2022/03/30-dpvcg-minutes.html,,,,,,,,,,,,
VI,United States Virgin Islands,dpv:Country,VI,VIR,850,850,"dpv-legal:Americas,dpv-legal:Caribbean,dpv-legal:LatinAmericaandtheCaribbean",,2022-03-30,,accepted,Harshvardhan J. Pandit,https://www.w3.org/2022/03/30-dpvcg-minutes.html,,,,,,,,,,,,
US,United States of America,dpv:Country,US,USA,840,840,"dpv-legal:Americas,dpv-legal:NorthernAmerica",,2022-03-30,,accepted,Harshvardhan J. Pandit,https://www.w3.org/2022/03/30-dpvcg-minutes.html,,,,,,,,,,,,
UY,Uruguay,dpv:Country,UY,URY,858,858,"dpv-legal:Americas,dpv-legal:LatinAmericaandtheCaribbean,dpv-legal:SouthAmerica",,2022-03-30,,accepted,Harshvardhan J. Pandit,https://www.w3.org/2022/03/30-dpvcg-minutes.html,,,,,,,,,,,,
US-UT,Utah,dpv:Region,,,,,dpv-legal:US,,2022-03-30,,accepted,Harshvardhan J. Pandit,https://www.w3.org/2022/03/30-dpvcg-minutes.html,,,,,,,,,,,,
UZ,Uzbekistan,dpv:Country,UZ,UZB,860,860,"dpv-legal:Asia,dpv-legal:CentralAsia",,2022-03-30,,accepted,Harshvardhan J. Pandit,https://www.w3.org/2022/03/30-dpvcg-minutes.html,,,,,,,,,,,,
VU,Vanuatu,dpv:Country,VU,VUT,548,548,"dpv-legal:Oceania,dpv-legal:Melanesia",,2022-03-30,,accepted,Harshvardhan J. Pandit,https://www.w3.org/2022/03/30-dpvcg-minutes.html,,,,,,,,,,,,
VE,Venezuela (Bolivarian Republic of),dpv:Country,VE,VEN,862,862,"dpv-legal:Americas,dpv-legal:LatinAmericaandtheCaribbean,dpv-legal:SouthAmerica",,2022-03-30,,accepted,Harshvardhan J. Pandit,https://www.w3.org/2022/03/30-dpvcg-minutes.html,,,,,,,,,,,,
US-VT,Vermont,dpv:Region,,,,,dpv-legal:US,,2022-03-30,,accepted,Harshvardhan J. Pandit,https://www.w3.org/2022/03/30-dpvcg-minutes.html,,,,,,,,,,,,
VN,Viet Nam,dpv:Country,VN,VNM,704,704,"dpv-legal:Asia,dpv-legal:SoutheasternAsia",,2022-03-30,,accepted,Harshvardhan J. Pandit,https://www.w3.org/2022/03/30-dpvcg-minutes.html,,,,,,,,,,,,
US-VA,Virginia,dpv:Region,,,,,dpv-legal:US,,2022-03-30,,accepted,Harshvardhan J. Pandit,https://www.w3.org/2022/03/30-dpvcg-minutes.html,,,,,,,,,,,,
WF,Wallis and Futuna Islands,dpv:Country,WF,WLF,876,876,"dpv-legal:Oceania,dpv-legal:Polynesia",,2022-03-30,,accepted,Harshvardhan J. Pandit,https://www.w3.org/2022/03/30-dpvcg-minutes.html,,,,,,,,,,,,
US-WA,Washington,dpv:Region,,,,,dpv-legal:US,,2022-03-30,,accepted,Harshvardhan J. Pandit,https://www.w3.org/2022/03/30-dpvcg-minutes.html,,,,,,,,,,,,
US-WV,West Virginia,dpv:Region,,,,,dpv-legal:US,,2022-03-30,,accepted,Harshvardhan J. Pandit,https://www.w3.org/2022/03/30-dpvcg-minutes.html,,,,,,,,,,,,
EH,Western Sahara,dpv:Country,EH,ESH,732,732,"dpv-legal:Africa,dpv-legal:NorthernAfrica",,2022-03-30,,accepted,Harshvardhan J. Pandit,https://www.w3.org/2022/03/30-dpvcg-minutes.html,,,,,,,,,,,,
WesternAfrica,WesternAfrica,dpv:Region,,,,,"dpv-legal:SubSaharanAfrica,dpv-legal:SubSaharanAfrica,dpv-legal:SubSaharanAfrica,dpv-legal:SubSaharanAfrica,dpv-legal:SubSaharanAfrica,dpv-legal:SubSaharanAfrica,dpv-legal:SubSaharanAfrica,dpv-legal:SubSaharanAfrica,dpv-legal:SubSaharanAfrica,dpv-legal:SubSaharanAfrica,dpv-legal:SubSaharanAfrica,dpv-legal:SubSaharanAfrica,dpv-legal:SubSaharanAfrica,dpv-legal:SubSaharanAfrica,dpv-legal:SubSaharanAfrica,dpv-legal:SubSaharanAfrica,dpv-legal:SubSaharanAfrica","dpv-legal:BF,dpv-legal:BJ,dpv-legal:CI,dpv-legal:CV,dpv-legal:GH,dpv-legal:GM,dpv-legal:GN,dpv-legal:GW,dpv-legal:LR,dpv-legal:ML,dpv-legal:MR,dpv-legal:NE,dpv-legal:NG,dpv-legal:SH,dpv-legal:SL,dpv-legal:SN,dpv-legal:TG",2022-03-30,,accepted,Harshvardhan J. Pandit,https://www.w3.org/2022/03/30-dpvcg-minutes.html,,,,,,,,,,,,
WesternAsia,WesternAsia,dpv:Region,,,,,"dpv-legal:Asia,dpv-legal:Asia,dpv-legal:Asia,dpv-legal:Asia,dpv-legal:Asia,dpv-legal:Asia,dpv-legal:Asia,dpv-legal:Asia,dpv-legal:Asia,dpv-legal:Asia,dpv-legal:Asia,dpv-legal:Asia,dpv-legal:Asia,dpv-legal:Asia,dpv-legal:Asia,dpv-legal:Asia,dpv-legal:Asia,dpv-legal:Asia","dpv-legal:IL,dpv-legal:CY,dpv-legal:AE,dpv-legal:AM,dpv-legal:AZ,dpv-legal:BH,dpv-legal:GE,dpv-legal:IQ,dpv-legal:JO,dpv-legal:KW,dpv-legal:LB,dpv-legal:OM,dpv-legal:PS,dpv-legal:QA,dpv-legal:SA,dpv-legal:SY,dpv-legal:TR,dpv-legal:YE",2022-03-30,,accepted,Harshvardhan J. Pandit,https://www.w3.org/2022/03/30-dpvcg-minutes.html,,,,,,,,,,,,
WesternEurope,WesternEurope,dpv:Region,,,,,"dpv-legal:Europe,dpv-legal:Europe,dpv-legal:Europe,dpv-legal:Europe,dpv-legal:Europe,dpv-legal:Europe,dpv-legal:Europe,dpv-legal:Europe,dpv-legal:Europe","dpv-legal:DE,dpv-legal:CH,dpv-legal:AT,dpv-legal:BE,dpv-legal:FR,dpv-legal:LI,dpv-legal:LU,dpv-legal:NL,dpv-legal:MC",2022-03-30,,accepted,Harshvardhan J. Pandit,https://www.w3.org/2022/03/30-dpvcg-minutes.html,,,,,,,,,,,,
US-WI,Wisconsin,dpv:Region,,,,,dpv-legal:US,,2022-03-30,,accepted,Harshvardhan J. Pandit,https://www.w3.org/2022/03/30-dpvcg-minutes.html,,,,,,,,,,,,
US-WY,Wyoming,dpv:Region,,,,,dpv-legal:US,,2022-03-30,,accepted,Harshvardhan J. Pandit,https://www.w3.org/2022/03/30-dpvcg-minutes.html,,,,,,,,,,,,
YE,Yemen,dpv:Country,YE,YEM,887,887,"dpv-legal:Asia,dpv-legal:WesternAsia",,2022-03-30,,accepted,Harshvardhan J. Pandit,https://www.w3.org/2022/03/30-dpvcg-minutes.html,,,,,,,,,,,,
ZM,Zambia,dpv:Country,ZM,ZMB,894,894,"dpv-legal:Africa,dpv-legal:SubSaharanAfrica,dpv-legal:EasternAfrica",,2022-03-30,,accepted,Harshvardhan J. Pandit,https://www.w3.org/2022/03/30-dpvcg-minutes.html,,,,,,,,,,,,
ZW,Zimbabwe,dpv:Country,ZW,ZWE,716,716,"dpv-legal:Africa,dpv-legal:SubSaharanAfrica,dpv-legal:EasternAfrica",,2022-03-30,,accepted,Harshvardhan J. Pandit,https://www.w3.org/2022/03/30-dpvcg-minutes.html,,,,,,,,,,,,
AX,Åland Islands,dpv:Country,AX,ALA,248,248,"dpv-legal:Europe,dpv-legal:NorthernEurope",,2022-03-30,,accepted,Harshvardhan J. Pandit,https://www.w3.org/2022/03/30-dpvcg-minutes.html,,,,,,,,,,,,
