Term,dct:alternative,dct:title,dct:identifier,dct:description,dct:publisher,dct:issued,dct:replaces,dct:isVersionOf,dct:requires,dct:subject,dct:coverage,source,status,contributor,resolution
,ISO Catalogue,https://www.iso.org/committee/45020/x/catalogue/,,,,,,,,,,,,,
,,,,,,,,,,,,,,,
,ISO/IEC JTC 1/SC 27,https://www.iso.org/committee/45306/x/catalogue/p/1/u/0/w/0/d/0 scrape hyperlinks,,,,,,,,,,,,,
ISO-IEC-TR-5895-2022,ISO/IEC TR 5895:2022,ISO/IEC TR 5895:2022 Cybersecurity - Multi-party coordinated vulnerability disclosure and handling,5895,,,,,,,,,https://www.iso.org/standard/81807.html,,,
ISO-IEC-7064-2003,ISO/IEC 7064:2003,ISO/IEC 7064:2003 Information technology - Security techniques - Check character systems,7064,,,,,,,,,https://www.iso.org/standard/31531.html,,,
ISO-IEC-9796-2-2010,ISO/IEC 9796-2:2010,ISO/IEC 9796-2:2010 Information technology - Security techniques - Digital signature schemes giving message recovery - Part 2: Integer factorization based mechanisms,9796,,,,,,,,,https://www.iso.org/standard/54788.html,,,
ISO-IEC-9796-3-2006,ISO/IEC 9796-3:2006,ISO/IEC 9796-3:2006 Information technology - Security techniques - Digital signature schemes giving message recovery - Part 3: Discrete logarithm based mechanisms,9796,,,,,,,,,https://www.iso.org/standard/42228.html,,,
ISO-IEC-9797-1-2011,ISO/IEC 9797-1:2011,ISO/IEC 9797-1:2011 Information technology - Security techniques - Message Authentication Codes (MACs) - Part 1: Mechanisms using a block cipher,9797,,,,,,,,,https://www.iso.org/standard/50375.html,,,
ISO-IEC-9797-2-2021,ISO/IEC 9797-2:2021,ISO/IEC 9797-2:2021 Information security - Message authentication codes (MACs) - Part 2: Mechanisms using a dedicated hash-function,9797,,,,,,,,,https://www.iso.org/standard/75296.html,,,
ISO-IEC-9797-3-2011,ISO/IEC 9797-3:2011,ISO/IEC 9797-3:2011 Information technology - Security techniques - Message Authentication Codes (MACs) - Part 3: Mechanisms using a universal hash-function,9797,,,,,,,,,https://www.iso.org/standard/51619.html,,,
ISO-IEC-9797-3-2011-Amd-1-2020-,ISO/IEC 9797-3:2011/Amd 1:2020,ISO/IEC 9797-3:2011/Amd 1:2020 Information technology - Security techniques - Message Authentication Codes (MACs) - Part 3: Mechanisms using a universal hash-function - Amendment 1,9797,,,,,,,,,https://www.iso.org/standard/76351.html,,,
ISO-IEC-9798-1-2010,ISO/IEC 9798-1:2010,ISO/IEC 9798-1:2010 Information technology - Security techniques - Entity authentication - Part 1: General,9798,,,,,,,,,https://www.iso.org/standard/53634.html,,,
ISO-IEC-9798-2-2019,ISO/IEC 9798-2:2019,ISO/IEC 9798-2:2019 IT Security techniques - Entity authentication - Part 2: Mechanisms using authenticated encryption,9798,,,,,,,,,https://www.iso.org/standard/67114.html,,,
ISO-IEC-9798-3-2019,ISO/IEC 9798-3:2019,ISO/IEC 9798-3:2019 IT Security techniques - Entity authentication - Part 3: Mechanisms using digital signature techniques,9798,,,,,,,,,https://www.iso.org/standard/67115.html,,,
ISO-IEC-9798-4-1999,ISO/IEC 9798-4:1999,ISO/IEC 9798-4:1999 Information technology - Security techniques - Entity authentication - Part 4: Mechanisms using a cryptographic check function,9798,,,,,,,,,https://www.iso.org/standard/31488.html,,,
ISO-IEC-9798-4-1999-Cor-1-2009,ISO/IEC 9798-4:1999/Cor 1:2009,ISO/IEC 9798-4:1999/Cor 1:2009 Information technology - Security techniques - Entity authentication - Part 4: Mechanisms using a cryptographic check function - Technical Corrigendum 1,9798,,,,,,,,,https://www.iso.org/standard/53471.html,,,
ISO-IEC-9798-4-1999-Cor-2-2012,ISO/IEC 9798-4:1999/Cor 2:2012,ISO/IEC 9798-4:1999/Cor 2:2012 Information technology - Security techniques - Entity authentication - Part 4: Mechanisms using a cryptographic check function - Technical Corrigendum 2,9798,,,,,,,,,https://www.iso.org/standard/61191.html,,,
ISO-IEC-9798-5-2009,ISO/IEC 9798-5:2009,ISO/IEC 9798-5:2009 Information technology - Security techniques - Entity authentication - Part 5: Mechanisms using zero-knowledge techniques,9798,,,,,,,,,https://www.iso.org/standard/50456.html,,,
ISO-IEC-9798-6-2010,ISO/IEC 9798-6:2010,ISO/IEC 9798-6:2010 Information technology - Security techniques - Entity authentication - Part 6: Mechanisms using manual data transfer,9798,,,,,,,,,https://www.iso.org/standard/54529.html,,,
ISO-IEC-10116-2017,ISO/IEC 10116:2017,ISO/IEC 10116:2017 Information technology - Security techniques - Modes of operation for an n-bit block cipher,10116,,,,,,,,,https://www.iso.org/standard/64575.html,,,
ISO-IEC-10116-2017-Amd-1-2021,ISO/IEC 10116:2017/Amd 1:2021,ISO/IEC 10116:2017/Amd 1:2021 Information technology - Security techniques - Modes of operation for an n-bit block cipher - Amendment 1: CTR-ACPKM mode of operation,10116,,,,,,,,,https://www.iso.org/standard/78747.html,,,
ISO-IEC-10118-1-2016,ISO/IEC 10118-1:2016,ISO/IEC 10118-1:2016 Information technology - Security techniques - Hash-functions - Part 1: General,10118,,,,,,,,,https://www.iso.org/standard/64213.html,,,
ISO-IEC-10118-1-2016-Amd-1-2021,ISO/IEC 10118-1:2016/Amd 1:2021,ISO/IEC 10118-1:2016/Amd 1:2021 Information technology - Security techniques - Hash-functions - Part 1: General - Amendment 1: Padding methods for sponge functions,10118,,,,,,,,,https://www.iso.org/standard/78749.html,,,
ISO-IEC-10118-2-2010,ISO/IEC 10118-2:2010,ISO/IEC 10118-2:2010 Information technology - Security techniques - Hash-functions - Part 2: Hash-functions using an n-bit block cipher,10118,,,,,,,,,https://www.iso.org/standard/44737.html,,,
ISO-IEC-10118-2-2010-Cor-1-2011,ISO/IEC 10118-2:2010/Cor 1:2011,ISO/IEC 10118-2:2010/Cor 1:2011 Information technology - Security techniques - Hash-functions - Part 2: Hash-functions using an n-bit block cipher - Technical Corrigendum 1,10118,,,,,,,,,https://www.iso.org/standard/59994.html,,,
ISO-IEC-10118-3-2018,ISO/IEC 10118-3:2018,ISO/IEC 10118-3:2018 IT Security techniques - Hash-functions - Part 3: Dedicated hash-functions,10118,,,,,,,,,https://www.iso.org/standard/67116.html,,,
ISO-IEC-10118-4-1998,ISO/IEC 10118-4:1998,ISO/IEC 10118-4:1998 Information technology - Security techniques - Hash-functions - Part 4: Hash-functions using modular arithmetic,10118,,,,,,,,,https://www.iso.org/standard/25429.html,,,
ISO-IEC-10118-4-1998-Amd-1-2014,ISO/IEC 10118-4:1998/Amd 1:2014,ISO/IEC 10118-4:1998/Amd 1:2014 Information technology - Security techniques - Hash-functions - Part 4: Hash-functions using modular arithmetic - Amendment 1: Object identifiers,10118,,,,,,,,,https://www.iso.org/standard/62543.html,,,
ISO-IEC-10118-4-1998-Cor-1-2014,ISO/IEC 10118-4:1998/Cor 1:2014,ISO/IEC 10118-4:1998/Cor 1:2014 Information technology - Security techniques - Hash-functions - Part 4: Hash-functions using modular arithmetic - Technical Corrigendum 1,10118,,,,,,,,,https://www.iso.org/standard/65665.html,,,
ISO-IEC-11770-1-2010,ISO/IEC 11770-1:2010,ISO/IEC 11770-1:2010 Information technology - Security techniques - Key management - Part 1: Framework,11770,,,,,,,,,https://www.iso.org/standard/53456.html,,,
ISO-IEC-11770-2-2018,ISO/IEC 11770-2:2018,ISO/IEC 11770-2:2018 IT Security techniques - Key management - Part 2: Mechanisms using symmetric techniques,11770,,,,,,,,,https://www.iso.org/standard/73207.html,,,
ISO-IEC-11770-3-2021,ISO/IEC 11770-3:2021,ISO/IEC 11770-3:2021 Information security - Key management - Part 3: Mechanisms using asymmetric techniques,11770,,,,,,,,,https://www.iso.org/standard/82709.html,,,
ISO-IEC-11770-4-2017,ISO/IEC 11770-4:2017,ISO/IEC 11770-4:2017 Information technology - Security techniques - Key management - Part 4: Mechanisms based on weak secrets,11770,,,,,,,,,https://www.iso.org/standard/67933.html,,,
ISO-IEC-11770-4-2017-Amd-1-2019,ISO/IEC 11770-4:2017/Amd 1:2019,ISO/IEC 11770-4:2017/Amd 1:2019 Information technology - Security techniques - Key management - Part 4: Mechanisms based on weak secrets - Amendment 1: Unbalanced Password-Authenticated Key Agreement with Identity-Based Cryptosystems (UPAKA-IBC),11770,,,,,,,,,https://www.iso.org/standard/73902.html,,,
ISO-IEC-11770-4-2017-Amd-2-2021,ISO/IEC 11770-4:2017/Amd 2:2021,ISO/IEC 11770-4:2017/Amd 2:2021 Information technology - Security techniques - Key management - Part 4: Mechanisms based on weak secrets - Amendment 2: Leakage-resilient password-authenticated key agreement with additional stored secrets,11770,,,,,,,,,https://www.iso.org/standard/76352.html,,,
ISO-IEC-11770-5-2020,ISO/IEC 11770-5:2020,ISO/IEC 11770-5:2020 Information security - Key management - Part 5: Group key management,11770,,,,,,,,,https://www.iso.org/standard/75295.html,,,
ISO-IEC-11770-6-2016,ISO/IEC 11770-6:2016,ISO/IEC 11770-6:2016 Information technology - Security techniques - Key management - Part 6: Key derivation,11770,,,,,,,,,https://www.iso.org/standard/65275.html,,,
ISO-IEC-11770-7-2021,ISO/IEC 11770-7:2021,ISO/IEC 11770-7:2021 Information security - Key management - Part 7: Cross-domain password-based authenticated key exchange,11770,,,,,,,,,https://www.iso.org/standard/80097.html,,,
ISO-IEC-13888-1-2020,ISO/IEC 13888-1:2020,ISO/IEC 13888-1:2020 Information security - Non-repudiation - Part 1: General,13888,,,,,,,,,https://www.iso.org/standard/76153.html,,,
ISO-IEC-13888-2-2010,ISO/IEC 13888-2:2010,ISO/IEC 13888-2:2010 Information technology - Security techniques - Non-repudiation - Part 2: Mechanisms using symmetric techniques,13888,,,,,,,,,https://www.iso.org/standard/44736.html,,,
ISO-IEC-13888-2-2010-Cor-1-2012,ISO/IEC 13888-2:2010/Cor 1:2012,ISO/IEC 13888-2:2010/Cor 1:2012 Information technology - Security techniques - Non-repudiation - Part 2: Mechanisms using symmetric techniques - Technical Corrigendum 1,13888,,,,,,,,,https://www.iso.org/standard/61263.html,,,
ISO-IEC-13888-3-2020,ISO/IEC 13888-3:2020,ISO/IEC 13888-3:2020 Information security - Non-repudiation - Part 3: Mechanisms using asymmetric techniques,13888,,,,,,,,,https://www.iso.org/standard/76154.html,,,
ISO-IEC-TR-14516-2002,ISO/IEC TR 14516:2002,ISO/IEC TR 14516:2002 Information technology - Security techniques - Guidelines for the use and management of Trusted Third Party services,14516,,,,,,,,,https://www.iso.org/standard/31482.html,,,
ISO-IEC-14888-1-2008,ISO/IEC 14888-1:2008,ISO/IEC 14888-1:2008 Information technology - Security techniques - Digital signatures with appendix - Part 1: General,14888,,,,,,,,,https://www.iso.org/standard/44226.html,,,
ISO-IEC-14888-2-2008,ISO/IEC 14888-2:2008,ISO/IEC 14888-2:2008 Information technology - Security techniques - Digital signatures with appendix - Part 2: Integer factorization based mechanisms,14888,,,,,,,,,https://www.iso.org/standard/44227.html,,,
ISO-IEC-14888-2-2008-Cor-1-2015,ISO/IEC 14888-2:2008/Cor 1:2015,ISO/IEC 14888-2:2008/Cor 1:2015 Information technology - Security techniques - Digital signatures with appendix - Part 2: Integer factorization based mechanisms - Technical Corrigendum 1: To ISO/IEC 14888-2:2008,14888,,,,,,,,,https://www.iso.org/standard/68231.html,,,
ISO-IEC-14888-3-2018,ISO/IEC 14888-3:2018,ISO/IEC 14888-3:2018 IT Security techniques - Digital signatures with appendix - Part 3: Discrete logarithm based mechanisms,14888,,,,,,,,,https://www.iso.org/standard/76382.html,,,
ISO-IEC-15408-1-2022,ISO/IEC 15408-1:2022,"ISO/IEC 15408-1:2022 Information security, cybersecurity and privacy protection - Evaluation criteria for IT security - Part 1: Introduction and general model",15408,,,,,,,,,https://www.iso.org/standard/72891.html,,,
ISO-IEC-15408-2-2022,ISO/IEC 15408-2:2022,"ISO/IEC 15408-2:2022 Information security, cybersecurity and privacy protection - Evaluation criteria for IT security - Part 2: Security functional components",15408,,,,,,,,,https://www.iso.org/standard/72892.html,,,
ISO-IEC-15408-3-2022,ISO/IEC 15408-3:2022,"ISO/IEC 15408-3:2022 Information security, cybersecurity and privacy protection - Evaluation criteria for IT security - Part 3: Security assurance components",15408,,,,,,,,,https://www.iso.org/standard/72906.html,,,
ISO-IEC-15408-4-2022,ISO/IEC 15408-4:2022,"ISO/IEC 15408-4:2022 Information security, cybersecurity and privacy protection - Evaluation criteria for IT security - Part 4: Framework for the specification of evaluation methods and activities",15408,,,,,,,,,https://www.iso.org/standard/72913.html,,,
ISO-IEC-15408-5-2022,ISO/IEC 15408-5:2022,"ISO/IEC 15408-5:2022 Information security, cybersecurity and privacy protection - Evaluation criteria for IT security - Part 5: Pre-defined packages of security requirements",15408,,,,,,,,,https://www.iso.org/standard/72917.html,,,
ISO-IEC-TR-15443-1-2012,ISO/IEC TR 15443-1:2012,ISO/IEC TR 15443-1:2012 Information technology - Security techniques - Security assurance framework - Part 1: Introduction and concepts,15443,,,,,,,,,https://www.iso.org/standard/59138.html,,,
ISO-IEC-TR-15443-2-2012,ISO/IEC TR 15443-2:2012,ISO/IEC TR 15443-2:2012 Information technology - Security techniques - Security assurance framework - Part 2: Analysis,15443,,,,,,,,,https://www.iso.org/standard/59140.html,,,
ISO-IEC-TR-15446-2017,ISO/IEC TR 15446:2017,ISO/IEC TR 15446:2017 Information technology - Security techniques - Guidance for the production of protection profiles and security targets,15446,,,,,,,,,https://www.iso.org/standard/68904.html,,,
ISO-IEC-15816-2002,ISO/IEC 15816:2002,ISO/IEC 15816:2002 Information technology - Security techniques - Security information objects for access control,15816,,,,,,,,,https://www.iso.org/standard/29139.html,,,
ISO-IEC-15945-2002,ISO/IEC 15945:2002,ISO/IEC 15945:2002 Information technology - Security techniques - Specification of TTP services to support the application of digital signatures,15945,,,,,,,,,https://www.iso.org/standard/29578.html,,,
ISO-IEC-15946-1-2016,ISO/IEC 15946-1:2016,ISO/IEC 15946-1:2016 Information technology - Security techniques - Cryptographic techniques based on elliptic curves - Part 1: General,15946,,,,,,,,,https://www.iso.org/standard/65480.html,,,
ISO-IEC-15946-5-2022,ISO/IEC 15946-5:2022,ISO/IEC 15946-5:2022 Information security - Cryptographic techniques based on elliptic curves - Part 5: Elliptic curve generation,15946,,,,,,,,,https://www.iso.org/standard/80241.html,,,
ISO-IEC-17825-2016,ISO/IEC 17825:2016,ISO/IEC 17825:2016 Information technology - Security techniques - Testing methods for the mitigation of non-invasive attack classes against cryptographic modules,17825,,,,,,,,,https://www.iso.org/standard/60612.html,,,
ISO-IEC-17922-2017,ISO/IEC 17922:2017,ISO/IEC 17922:2017 Information technology - Security techniques - Telebiometric authentication framework using biometric hardware security module,17922,,,,,,,,,https://www.iso.org/standard/61023.html,,,
ISO-IEC-18014-1-2008,ISO/IEC 18014-1:2008,ISO/IEC 18014-1:2008 Information technology - Security techniques - Time-stamping services - Part 1: Framework,18014,,,,,,,,,https://www.iso.org/standard/50678.html,,,
ISO-IEC-18014-2-2021,ISO/IEC 18014-2:2021,ISO/IEC 18014-2:2021 Information security - Time-stamping services - Part 2: Mechanisms producing independent tokens,18014,,,,,,,,,https://www.iso.org/standard/76155.html,,,
ISO-IEC-18014-3-2009,ISO/IEC 18014-3:2009,ISO/IEC 18014-3:2009 Information technology - Security techniques - Time-stamping services - Part 3: Mechanisms producing linked tokens,18014,,,,,,,,,https://www.iso.org/standard/50457.html,,,
ISO-IEC-18014-4-2015,ISO/IEC 18014-4:2015,ISO/IEC 18014-4:2015 Information technology - Security techniques - Time-stamping services - Part 4: Traceability of time sources,18014,,,,,,,,,https://www.iso.org/standard/59934.html,,,
ISO-IEC-18031-2011,ISO/IEC 18031:2011,ISO/IEC 18031:2011 Information technology - Security techniques - Random bit generation,18031,,,,,,,,,https://www.iso.org/standard/54945.html,,,
ISO-IEC-18031-2011-Amd-1-2017,ISO/IEC 18031:2011/Amd 1:2017,ISO/IEC 18031:2011/Amd 1:2017 Information technology - Security techniques - Random bit generation - Amendment 1: Deterministic random bit generation,18031,,,,,,,,,https://www.iso.org/standard/63755.html,,,
ISO-IEC-18031-2011-Cor-1-2014,ISO/IEC 18031:2011/Cor 1:2014,ISO/IEC 18031:2011/Cor 1:2014 Information technology - Security techniques - Random bit generation - Technical Corrigendum 1,18031,,,,,,,,,https://www.iso.org/standard/66558.html,,,
ISO-IEC-18032-2020,ISO/IEC 18032:2020,ISO/IEC 18032:2020 Information security - Prime number generation,18032,,,,,,,,,https://www.iso.org/standard/72009.html,,,
ISO-IEC-18033-1-2021,ISO/IEC 18033-1:2021,ISO/IEC 18033-1:2021 Information security - Encryption algorithms - Part 1: General,18033,,,,,,,,,https://www.iso.org/standard/76156.html,,,
ISO-IEC-18033-2-2006,ISO/IEC 18033-2:2006,ISO/IEC 18033-2:2006 Information technology - Security techniques - Encryption algorithms - Part 2: Asymmetric ciphers,18033,,,,,,,,,https://www.iso.org/standard/37971.html,,,
ISO-IEC-18033-2-2006-Amd-1-2017,ISO/IEC 18033-2:2006/Amd 1:2017,ISO/IEC 18033-2:2006/Amd 1:2017 Information technology - Security techniques - Encryption algorithms - Part 2: Asymmetric ciphers - Amendment 1: FACE,18033,,,,,,,,,https://www.iso.org/standard/71114.html,,,
ISO-IEC-18033-3-2010,ISO/IEC 18033-3:2010,ISO/IEC 18033-3:2010 Information technology - Security techniques - Encryption algorithms - Part 3: Block ciphers,18033,,,,,,,,,https://www.iso.org/standard/54531.html,,,
ISO-IEC-18033-3-2010-Amd-1-2021,ISO/IEC 18033-3:2010/Amd 1:2021,ISO/IEC 18033-3:2010/Amd 1:2021 Information technology - Security techniques - Encryption algorithms - Part 3: Block ciphers - Amendment 1: SM4,18033,,,,,,,,,https://www.iso.org/standard/81564.html,,,
ISO-IEC-18033-4-2011,ISO/IEC 18033-4:2011,ISO/IEC 18033-4:2011 Information technology - Security techniques - Encryption algorithms - Part 4: Stream ciphers,18033,,,,,,,,,https://www.iso.org/standard/54532.html,,,
ISO-IEC-18033-4-2011-Amd-1-2020,ISO/IEC 18033-4:2011/Amd 1:2020,ISO/IEC 18033-4:2011/Amd 1:2020 Information technology - Security techniques - Encryption algorithms - Part 4: Stream ciphers - Amendment 1: ZUC,18033,,,,,,,,,https://www.iso.org/standard/77982.html,,,
ISO-IEC-18033-5-2015,ISO/IEC 18033-5:2015,ISO/IEC 18033-5:2015 Information technology - Security techniques - Encryption algorithms - Part 5: Identity-based ciphers,18033,,,,,,,,,https://www.iso.org/standard/59948.html,,,
ISO-IEC-18033-5-2015-Amd-1-2021,ISO/IEC 18033-5:2015/Amd 1:2021,ISO/IEC 18033-5:2015/Amd 1:2021 Information technology - Security techniques - Encryption algorithms - Part 5: Identity-based ciphers - Amendment 1: SM9 mechanism,18033,,,,,,,,,https://www.iso.org/standard/78751.html,,,
ISO-IEC-18033-6-2019,ISO/IEC 18033-6:2019,ISO/IEC 18033-6:2019 IT Security techniques - Encryption algorithms - Part 6: Homomorphic encryption,18033,,,,,,,,,https://www.iso.org/standard/67740.html,,,
ISO-IEC-18033-7-2022,ISO/IEC 18033-7:2022,ISO/IEC 18033-7:2022 Information security - Encryption algorithms - Part 7: Tweakable block ciphers,18033,,,,,,,,,https://www.iso.org/standard/80505.html,,,
ISO-IEC-18045-2022,ISO/IEC 18045:2022,"ISO/IEC 18045:2022 Information security, cybersecurity and privacy protection - Evaluation criteria for IT security - Methodology for IT security evaluation",18045,,,,,,,,,https://www.iso.org/standard/72889.html,,,
ISO-IEC-18367-2016,ISO/IEC 18367:2016,ISO/IEC 18367:2016 Information technology - Security techniques - Cryptographic algorithms and security mechanisms conformance testing,18367,,,,,,,,,https://www.iso.org/standard/62286.html,,,
ISO-IEC-18370-1-2016,ISO/IEC 18370-1:2016,ISO/IEC 18370-1:2016 Information technology - Security techniques - Blind digital signatures - Part 1: General,18370,,,,,,,,,https://www.iso.org/standard/62288.html,,,
ISO-IEC-18370-2-2016,ISO/IEC 18370-2:2016,ISO/IEC 18370-2:2016 Information technology - Security techniques - Blind digital signatures - Part 2: Discrete logarithm based mechanisms,18370,,,,,,,,,https://www.iso.org/standard/62544.html,,,
ISO-IEC-19086-4-2019,ISO/IEC 19086-4:2019,ISO/IEC 19086-4:2019 Cloud computing - Service level agreement (SLA) framework - Part 4: Components of security and of protection of PII,19086,,,,,,,,,https://www.iso.org/standard/68242.html,,,
ISO-IEC-TS-19249-2017,ISO/IEC TS 19249:2017,"ISO/IEC TS 19249:2017 Information technology - Security techniques - Catalogue of architectural and design principles for secure products, systems and applications",19249,,,,,,,,,https://www.iso.org/standard/64140.html,,,
ISO-IEC-19592-1-2016,ISO/IEC 19592-1:2016,ISO/IEC 19592-1:2016 Information technology - Security techniques - Secret sharing - Part 1: General,19592,,,,,,,,,https://www.iso.org/standard/65422.html,,,
ISO-IEC-19592-2-2017,ISO/IEC 19592-2:2017,ISO/IEC 19592-2:2017 Information technology - Security techniques - Secret sharing - Part 2: Fundamental mechanisms,19592,,,,,,,,,https://www.iso.org/standard/65425.html,,,
ISO-IEC-TS-19608-2018,ISO/IEC TS 19608:2018,ISO/IEC TS 19608:2018 Guidance for developing security and privacy functional requirements based on ISO/IEC 15408,19608,,,,,,,,,https://www.iso.org/standard/65459.html,,,
ISO-IEC-19772-2020,ISO/IEC 19772:2020,ISO/IEC 19772:2020 Information security - Authenticated encryption,19772,,,,,,,,,https://www.iso.org/standard/81550.html,,,
ISO-IEC-19790-2012,ISO/IEC 19790:2012,ISO/IEC 19790:2012 Information technology - Security techniques - Security requirements for cryptographic modules,19790,,,,,,,,,https://www.iso.org/standard/52906.html,,,
ISO-IEC-TR-19791-2010,ISO/IEC TR 19791:2010,ISO/IEC TR 19791:2010 Information technology - Security techniques - Security assessment of operational systems,19791,,,,,,,,,https://www.iso.org/standard/52905.html,,,
ISO-IEC-19792-2009,ISO/IEC 19792:2009,ISO/IEC 19792:2009 Information technology - Security techniques - Security evaluation of biometrics,19792,,,,,,,,,https://www.iso.org/standard/51521.html,,,
ISO-IEC-19896-1-2018,ISO/IEC 19896-1:2018,"ISO/IEC 19896-1:2018 IT security techniques - Competence requirements for information security testers and evaluators - Part 1: Introduction, concepts and general requirements",19896,,,,,,,,,https://www.iso.org/standard/71120.html,,,
ISO-IEC-19896-2-2018,ISO/IEC 19896-2:2018,"ISO/IEC 19896-2:2018 IT security techniques - Competence requirements for information security testers and evaluators - Part 2: Knowledge, skills and effectiveness requirements for ISO/IEC 19790 testers",19896,,,,,,,,,https://www.iso.org/standard/71121.html,,,
ISO-IEC-19896-3-2018,ISO/IEC 19896-3:2018,"ISO/IEC 19896-3:2018 IT security techniques - Competence requirements for information security testers and evaluators - Part 3: Knowledge, skills and effectiveness requirements for ISO/IEC 15408 evaluators",19896,,,,,,,,,https://www.iso.org/standard/71122.html,,,
ISO-IEC-19989-1-2020,ISO/IEC 19989-1:2020,ISO/IEC 19989-1:2020 Information security - Criteria and methodology for security evaluation of biometric systems - Part 1: Framework,19989,,,,,,,,,https://www.iso.org/standard/72402.html,,,
ISO-IEC-19989-2-2020,ISO/IEC 19989-2:2020,ISO/IEC 19989-2:2020 Information security - Criteria and methodology for security evaluation of biometric systems - Part 2: Biometric recognition performance,19989,,,,,,,,,https://www.iso.org/standard/72403.html,,,
ISO-IEC-19989-3-2020,ISO/IEC 19989-3:2020,ISO/IEC 19989-3:2020 Information security - Criteria and methodology for security evaluation of biometric systems - Part 3: Presentation attack detection,19989,,,,,,,,,https://www.iso.org/standard/73721.html,,,
ISO-IEC-TR-20004-2015,ISO/IEC TR 20004:2015,ISO/IEC TR 20004:2015 Information technology - Security techniques - Refining software vulnerability analysis under ISO/IEC 15408 and ISO/IEC 18045,20004,,,,,,,,,https://www.iso.org/standard/68837.html,,,
ISO-IEC-20008-1-2013,ISO/IEC 20008-1:2013,ISO/IEC 20008-1:2013 Information technology - Security techniques - Anonymous digital signatures - Part 1: General,20008,,,,,,,,,https://www.iso.org/standard/57018.html,,,
ISO-IEC-20008-2-2013,ISO/IEC 20008-2:2013,ISO/IEC 20008-2:2013 Information technology - Security techniques - Anonymous digital signatures - Part 2: Mechanisms using a group public key,20008,,,,,,,,,https://www.iso.org/standard/56916.html,,,
ISO-IEC-20008-2-2013-Amd-1-2021,ISO/IEC 20008-2:2013/Amd 1:2021,ISO/IEC 20008-2:2013/Amd 1:2021 Information technology - Security techniques - Anonymous digital signatures - Part 2: Mechanisms using a group public key - Amendment 1,20008,,,,,,,,,https://www.iso.org/standard/80243.html,,,
ISO-IEC-20009-1-2013,ISO/IEC 20009-1:2013,ISO/IEC 20009-1:2013 Information technology - Security techniques - Anonymous entity authentication - Part 1: General,20009,,,,,,,,,https://www.iso.org/standard/57079.html,,,
ISO-IEC-20009-2-2013,ISO/IEC 20009-2:2013,ISO/IEC 20009-2:2013 Information technology - Security techniques - Anonymous entity authentication - Part 2: Mechanisms based on signatures using a group public key,20009,,,,,,,,,https://www.iso.org/standard/56913.html,,,
ISO-IEC-20009-3-2022,ISO/IEC 20009-3:2022,ISO/IEC 20009-3:2022 Information security - Anonymous entity authentication - Part 3: Mechanisms based on blind signatures,20009,,,,,,,,,https://www.iso.org/standard/80615.html,,,
ISO-IEC-20009-4-2017,ISO/IEC 20009-4:2017,ISO/IEC 20009-4:2017 Information technology - Security techniques - Anonymous entity authentication - Part 4: Mechanisms based on weak secrets,20009,,,,,,,,,https://www.iso.org/standard/64288.html,,,
ISO-IEC-20085-1-2019,ISO/IEC 20085-1:2019,ISO/IEC 20085-1:2019 IT Security techniques - Test tool requirements and test tool calibration methods for use in testing non-invasive attack mitigation techniques in cryptographic modules - Part 1: Test tools and techniques,20085,,,,,,,,,https://www.iso.org/standard/70081.html,,,
ISO-IEC-20085-2-2020,ISO/IEC 20085-2:2020,ISO/IEC 20085-2:2020 IT Security techniques - Test tool requirements and test tool calibration methods for use in testing non-invasive attack mitigation techniques in cryptographic modules - Part 2: Test calibration methods and apparatus,20085,,,,,,,,,https://www.iso.org/standard/70082.html,,,
ISO-IEC-TS-20540-2018,ISO/IEC TS 20540:2018,ISO/IEC TS 20540:2018 Information technology - Security techniques - Testing cryptographic modules in their operational environment,20540,,,,,,,,,https://www.iso.org/standard/68294.html,,,
ISO-IEC-20543-2019,ISO/IEC 20543:2019,ISO/IEC 20543:2019 Information technology - Security techniques - Test and analysis methods for random bit generators within ISO/IEC 19790 and ISO/IEC 15408,20543,,,,,,,,,https://www.iso.org/standard/68296.html,,,
ISO-IEC-20547-4-2020,ISO/IEC 20547-4:2020,ISO/IEC 20547-4:2020 Information technology - Big data reference architecture - Part 4: Security and privacy,20547,,,,,,,,,https://www.iso.org/standard/71278.html,,,
ISO-IEC-20889-2018,ISO/IEC 20889:2018,ISO/IEC 20889:2018 Privacy enhancing data de-identification terminology and classification of techniques,20889,,,,,,,,,https://www.iso.org/standard/69373.html,,,
ISO-IEC-20897-1-2020,ISO/IEC 20897-1:2020,"ISO/IEC 20897-1:2020 Information security, cybersecurity and privacy protection - Physically unclonable functions - Part 1: Security requirements",20897,,,,,,,,,https://www.iso.org/standard/76353.html,,,
ISO-IEC-20897-2-2022,ISO/IEC 20897-2:2022,"ISO/IEC 20897-2:2022 Information security, cybersecurity and privacy protection - Physically unclonable functions - Part 2: Test and evaluation methods",20897,,,,,,,,,https://www.iso.org/standard/76354.html,,,
ISO-IEC-21827-2008,ISO/IEC 21827:2008,ISO/IEC 21827:2008 Information technology - Security techniques - Systems Security Engineering - Capability Maturity Model&reg; (SSE-CMM&reg;),21827,,,,,,,,,https://www.iso.org/standard/44716.html,,,
ISO-IEC-21878-2018,ISO/IEC 21878:2018,ISO/IEC 21878:2018 Information technology - Security techniques - Security guidelines for design and implementation of virtualized servers,21878,,,,,,,,,https://www.iso.org/standard/72029.html,,,
ISO-IEC-TR-22216-2022,ISO/IEC TR 22216:2022,"ISO/IEC TR 22216:2022 Information security, cybersecurity and privacy protection - New concepts and changes in ISO/IEC 15408:2022 and ISO/IEC 18045:2022",22216,,,,,,,,,https://www.iso.org/standard/72890.html,,,
ISO-IEC-23264-1-2021,ISO/IEC 23264-1:2021,ISO/IEC 23264-1:2021 Information security - Redaction of authentic data - Part 1: General,23264,,,,,,,,,https://www.iso.org/standard/78341.html,,,
ISO-IEC-TS-23532-1-2021,ISO/IEC TS 23532-1:2021,"ISO/IEC TS 23532-1:2021 Information security, cybersecurity and privacy protection - Requirements for the competence of IT security testing and evaluation laboratories - Part 1: Evaluation for ISO/IEC 15408",23532,,,,,,,,,https://www.iso.org/standard/77199.html,,,
ISO-IEC-TS-23532-2-2021,ISO/IEC TS 23532-2:2021,"ISO/IEC TS 23532-2:2021 Information security, cybersecurity and privacy protection - Requirements for the competence of IT security testing and evaluation laboratories - Part 2: Testing for ISO/IEC 19790",23532,,,,,,,,,https://www.iso.org/standard/80549.html,,,
ISO-IEC-24745-2022,ISO/IEC 24745:2022,"ISO/IEC 24745:2022 Information security, cybersecurity and privacy protection - Biometric information protection",24745,,,,,,,,,https://www.iso.org/standard/75302.html,,,
ISO-IEC-24759-2017,ISO/IEC 24759:2017,ISO/IEC 24759:2017 Information technology - Security techniques - Test requirements for cryptographic modules,24759,,,,,,,,,https://www.iso.org/standard/72515.html,,,
ISO-IEC-24760-1-2019,ISO/IEC 24760-1:2019,ISO/IEC 24760-1:2019 IT Security and Privacy - A framework for identity management - Part 1: Terminology and concepts,24760,,,,,,,,,https://www.iso.org/standard/77582.html,,,
ISO-IEC-24760-2-2015,ISO/IEC 24760-2:2015,ISO/IEC 24760-2:2015 Information technology - Security techniques - A framework for identity management - Part 2: Reference architecture and requirements,24760,,,,,,,,,https://www.iso.org/standard/57915.html,,,
ISO-IEC-24760-3-2016,ISO/IEC 24760-3:2016,ISO/IEC 24760-3:2016 Information technology - Security techniques - A framework for identity management - Part 3: Practice,24760,,,,,,,,,https://www.iso.org/standard/57916.html,,,
ISO-IEC-24761-2019,ISO/IEC 24761:2019,ISO/IEC 24761:2019 Information technology - Security techniques - Authentication context for biometrics,24761,,,,,,,,,https://www.iso.org/standard/71163.html,,,
ISO-IEC-27000-2018,ISO/IEC 27000:2018,ISO/IEC 27000:2018 Information technology - Security techniques - Information security management systems - Overview and vocabulary,27000,,,,,,,,,https://www.iso.org/standard/73906.html,,,
ISO-IEC-27001-2013,ISO/IEC 27001:2013,ISO/IEC 27001:2013 Information technology - Security techniques - Information security management systems - Requirements,27001,,,,,,,,,https://www.iso.org/standard/54534.html,,,
ISO-IEC-27001-2013-Cor-1-2014,ISO/IEC 27001:2013/Cor 1:2014,ISO/IEC 27001:2013/Cor 1:2014 Information technology - Security techniques - Information security management systems - Requirements - Technical Corrigendum 1,27001,,,,,,,,,https://www.iso.org/standard/66805.html,,,
ISO-IEC-27001-2013-Cor-2-2015,ISO/IEC 27001:2013/Cor 2:2015,ISO/IEC 27001:2013/Cor 2:2015 Information technology - Security techniques - Information security management systems - Requirements - Technical Corrigendum 2,27001,,,,,,,,,https://www.iso.org/standard/69378.html,,,
ISO-IEC-27002-2022,ISO/IEC 27002:2022,"ISO/IEC 27002:2022 Information security, cybersecurity and privacy protection - Information security controls",27002,,,,,,,,,https://www.iso.org/standard/75652.html,,,
ISO-IEC-27003-2017,ISO/IEC 27003:2017,ISO/IEC 27003:2017 Information technology - Security techniques - Information security management systems - Guidance,27003,,,,,,,,,https://www.iso.org/standard/63417.html,,,
ISO-IEC-27004-2016,ISO/IEC 27004:2016,"ISO/IEC 27004:2016 Information technology - Security techniques - Information security management - Monitoring, measurement, analysis and evaluation",27004,,,,,,,,,https://www.iso.org/standard/64120.html,,,
ISO-IEC-27005-2018,ISO/IEC 27005:2018,ISO/IEC 27005:2018 Information technology - Security techniques - Information security risk management,27005,,,,,,,,,https://www.iso.org/standard/75281.html,,,
ISO-IEC-TS-27006-2-2021,ISO/IEC TS 27006-2:2021,ISO/IEC TS 27006-2:2021 Requirements for bodies providing audit and certification of information security management systems - Part 2: Privacy information management systems,27006,,,,,,,,,https://www.iso.org/standard/71676.html,,,
ISO-IEC-27006-2015,ISO/IEC 27006:2015,ISO/IEC 27006:2015 Information technology - Security techniques - Requirements for bodies providing audit and certification of information security management systems,27006,,,,,,,,,https://www.iso.org/standard/62313.html,,,
ISO-IEC-27006-2015-Amd-1-2020,ISO/IEC 27006:2015/Amd 1:2020,ISO/IEC 27006:2015/Amd 1:2020 Information technology - Security techniques - Requirements for bodies providing audit and certification of information security management systems - Amendment 1,27006,,,,,,,,,https://www.iso.org/standard/77722.html,,,
ISO-IEC-27007-2020,ISO/IEC 27007:2020,"ISO/IEC 27007:2020 Information security, cybersecurity and privacy protection - Guidelines for information security management systems auditing",27007,,,,,,,,,https://www.iso.org/standard/77802.html,,,
ISO-IEC-TS-27008-2019,ISO/IEC TS 27008:2019,ISO/IEC TS 27008:2019 Information technology - Security techniques - Guidelines for the assessment of information security controls,27008,,,,,,,,,https://www.iso.org/standard/67397.html,,,
ISO-IEC-27009-2020,ISO/IEC 27009:2020,"ISO/IEC 27009:2020 Information security, cybersecurity and privacy protection - Sector-specific application of ISO/IEC 27001 - Requirements",27009,,,,,,,,,https://www.iso.org/standard/73907.html,,,
ISO-IEC-27010-2015,ISO/IEC 27010:2015,ISO/IEC 27010:2015 Information technology - Security techniques - Information security management for inter-sector and inter-organizational communications,27010,,,,,,,,,https://www.iso.org/standard/68427.html,,,
ISO-IEC-27011-2016,ISO/IEC 27011:2016,ISO/IEC 27011:2016 Information technology - Security techniques - Code of practice for Information security controls based on ISO/IEC 27002 for telecommunications organizations,27011,,,,,,,,,https://www.iso.org/standard/64143.html,,,
ISO-IEC-27011-2016-Cor-1-2018,ISO/IEC 27011:2016/Cor 1:2018,ISO/IEC 27011:2016/Cor 1:2018 Information technology - Security techniques - Code of practice for Information security controls based on ISO/IEC 27002 for telecommunications organizations - Technical Corrigendum 1,27011,,,,,,,,,https://www.iso.org/standard/76487.html,,,
ISO-IEC-27013-2021,ISO/IEC 27013:2021,"ISO/IEC 27013:2021 Information security, cybersecurity and privacy protection - Guidance on the integrated implementation of ISO/IEC 27001 and ISO/IEC 20000-1",27013,,,,,,,,,https://www.iso.org/standard/78752.html,,,
ISO-IEC-27014-2020,ISO/IEC 27014:2020,"ISO/IEC 27014:2020 Information security, cybersecurity and privacy protection - Governance of information security",27014,,,,,,,,,https://www.iso.org/standard/74046.html,,,
ISO-IEC-TR-27016-2014,ISO/IEC TR 27016:2014,ISO/IEC TR 27016:2014 Information technology - Security techniques - Information security management - Organizational economics,27016,,,,,,,,,https://www.iso.org/standard/43756.html,,,
ISO-IEC-27017-2015,ISO/IEC 27017:2015,ISO/IEC 27017:2015 Information technology - Security techniques - Code of practice for information security controls based on ISO/IEC 27002 for cloud services,27017,,,,,,,,,https://www.iso.org/standard/43757.html,,,
ISO-IEC-27018-2019,ISO/IEC 27018:2019,ISO/IEC 27018:2019 Information technology - Security techniques - Code of practice for protection of personally identifiable information (PII) in public clouds acting as PII processors,27018,,,,,,,,,https://www.iso.org/standard/76559.html,,,
ISO-IEC-27019-2017,ISO/IEC 27019:2017,ISO/IEC 27019:2017 Information technology - Security techniques - Information security controls for the energy utility industry,27019,,,,,,,,,https://www.iso.org/standard/68091.html,,,
ISO-IEC-27021-2017,ISO/IEC 27021:2017,ISO/IEC 27021:2017 Information technology - Security techniques - Competence requirements for information security management systems professionals,27021,,,,,,,,,https://www.iso.org/standard/61003.html,,,
ISO-IEC-27021-2017-Amd-1-2021,ISO/IEC 27021:2017/Amd 1:2021,ISO/IEC 27021:2017/Amd 1:2021 Information technology - Security techniques - Competence requirements for information security management systems professionals - Amendment 1: Addition of ISO/IEC 27001:2013 clauses or subclauses to competence requirements,27021,,,,,,,,,https://www.iso.org/standard/78746.html,,,
ISO-IEC-TS-27022-2021,ISO/IEC TS 27022:2021,ISO/IEC TS 27022:2021 Information technology - Guidance on information security management system processes,27022,,,,,,,,,https://www.iso.org/standard/61004.html,,,
ISO-IEC-TR-27023-2015,ISO/IEC TR 27023:2015,ISO/IEC TR 27023:2015 Information technology - Security techniques - Mapping the revised editions of ISO/IEC 27001 and ISO/IEC 27002,27023,,,,,,,,,https://www.iso.org/standard/61005.html,,,
ISO-IEC-27031-2011,ISO/IEC 27031:2011,ISO/IEC 27031:2011 Information technology - Security techniques - Guidelines for information and communication technology readiness for business continuity,27031,,,,,,,,,https://www.iso.org/standard/44374.html,,,
ISO-IEC-27032-2012,ISO/IEC 27032:2012,ISO/IEC 27032:2012 Information technology - Security techniques - Guidelines for cybersecurity,27032,,,,,,,,,https://www.iso.org/standard/44375.html,,,
ISO-IEC-27033-1-2015,ISO/IEC 27033-1:2015,ISO/IEC 27033-1:2015 Information technology - Security techniques - Network security - Part 1: Overview and concepts,27033,,,,,,,,,https://www.iso.org/standard/63461.html,,,
ISO-IEC-27033-2-2012,ISO/IEC 27033-2:2012,ISO/IEC 27033-2:2012 Information technology - Security techniques - Network security - Part 2: Guidelines for the design and implementation of network security,27033,,,,,,,,,https://www.iso.org/standard/51581.html,,,
ISO-IEC-27033-3-2010,ISO/IEC 27033-3:2010,"ISO/IEC 27033-3:2010 Information technology - Security techniques - Network security - Part 3: Reference networking scenarios - Threats, design techniques and control issues",27033,,,,,,,,,https://www.iso.org/standard/51582.html,,,
ISO-IEC-27033-4-2014,ISO/IEC 27033-4:2014,ISO/IEC 27033-4:2014 Information technology - Security techniques - Network security - Part 4: Securing communications between networks using security gateways,27033,,,,,,,,,https://www.iso.org/standard/51583.html,,,
ISO-IEC-27033-5-2013,ISO/IEC 27033-5:2013,ISO/IEC 27033-5:2013 Information technology - Security techniques - Network security - Part 5: Securing communications across networks using Virtual Private Networks (VPNs),27033,,,,,,,,,https://www.iso.org/standard/51584.html,,,
ISO-IEC-27033-6-2016,ISO/IEC 27033-6:2016,ISO/IEC 27033-6:2016 Information technology - Security techniques - Network security - Part 6: Securing wireless IP network access,27033,,,,,,,,,https://www.iso.org/standard/51585.html,,,
ISO-IEC-27034-1-2011,ISO/IEC 27034-1:2011,ISO/IEC 27034-1:2011 Information technology - Security techniques - Application security - Part 1: Overview and concepts,27034,,,,,,,,,https://www.iso.org/standard/44378.html,,,
ISO-IEC-27034-1-2011-Cor-1-2014,ISO/IEC 27034-1:2011/Cor 1:2014,ISO/IEC 27034-1:2011/Cor 1:2014 Information technology - Security techniques - Application security - Part 1: Overview and concepts - Technical Corrigendum 1,27034,,,,,,,,,https://www.iso.org/standard/64014.html,,,
ISO-IEC-27034-2-2015,ISO/IEC 27034-2:2015,ISO/IEC 27034-2:2015 Information technology - Security techniques - Application security - Part 2: Organization normative framework,27034,,,,,,,,,https://www.iso.org/standard/55582.html,,,
ISO-IEC-27034-3-2018,ISO/IEC 27034-3:2018,ISO/IEC 27034-3:2018 Information technology - Application security - Part 3: Application security management process,27034,,,,,,,,,https://www.iso.org/standard/55583.html,,,
ISO-IEC-27034-5-2017,ISO/IEC 27034-5:2017,ISO/IEC 27034-5:2017 Information technology - Security techniques - Application security - Part 5: Protocols and application security controls data structure,27034,,,,,,,,,https://www.iso.org/standard/55585.html,,,
ISO-IEC-27034-6-2016,ISO/IEC 27034-6:2016,ISO/IEC 27034-6:2016 Information technology - Security techniques - Application security - Part 6: Case studies,27034,,,,,,,,,https://www.iso.org/standard/60804.html,,,
ISO-IEC-27034-7-2018,ISO/IEC 27034-7:2018,ISO/IEC 27034-7:2018 Information technology - Application security - Part 7: Assurance prediction framework,27034,,,,,,,,,https://www.iso.org/standard/66229.html,,,
ISO-IEC-TS-27034-5-1-2018,ISO/IEC TS 27034-5-1:2018,"ISO/IEC TS 27034-5-1:2018 Information technology - Application security - Part 5-1: Protocols and application security controls data structure, XML schemas",27034,,,,,,,,,https://www.iso.org/standard/67741.html,,,
ISO-IEC-27035-1-2016,ISO/IEC 27035-1:2016,ISO/IEC 27035-1:2016 Information technology - Security techniques - Information security incident management - Part 1: Principles of incident management,27035,,,,,,,,,https://www.iso.org/standard/60803.html,,,
ISO-IEC-27035-2-2016,ISO/IEC 27035-2:2016,ISO/IEC 27035-2:2016 Information technology - Security techniques - Information security incident management - Part 2: Guidelines to plan and prepare for incident response,27035,,,,,,,,,https://www.iso.org/standard/62071.html,,,
ISO-IEC-27035-3-2020,ISO/IEC 27035-3:2020,ISO/IEC 27035-3:2020 Information technology - Information security incident management - Part 3: Guidelines for ICT incident response operations,27035,,,,,,,,,https://www.iso.org/standard/74033.html,,,
ISO-IEC-27036-1-2021,ISO/IEC 27036-1:2021,ISO/IEC 27036-1:2021 Cybersecurity - Supplier relationships - Part 1: Overview and concepts,27036,,,,,,,,,https://www.iso.org/standard/82905.html,,,
ISO-IEC-27036-2-2022,ISO/IEC 27036-2:2022,ISO/IEC 27036-2:2022 Cybersecurity - Supplier relationships - Part 2: Requirements,27036,,,,,,,,,https://www.iso.org/standard/82060.html,,,
ISO-IEC-27036-3-2013,ISO/IEC 27036-3:2013,ISO/IEC 27036-3:2013 Information technology - Security techniques - Information security for supplier relationships - Part 3: Guidelines for information and communication technology supply chain security,27036,,,,,,,,,https://www.iso.org/standard/59688.html,,,
ISO-IEC-27036-4-2016,ISO/IEC 27036-4:2016,ISO/IEC 27036-4:2016 Information technology - Security techniques - Information security for supplier relationships - Part 4: Guidelines for security of cloud services,27036,,,,,,,,,https://www.iso.org/standard/59689.html,,,
ISO-IEC-27037-2012,ISO/IEC 27037:2012,"ISO/IEC 27037:2012 Information technology - Security techniques - Guidelines for identification, collection, acquisition and preservation of digital evidence",27037,,,,,,,,,https://www.iso.org/standard/44381.html,,,
ISO-IEC-27038-2014,ISO/IEC 27038:2014,ISO/IEC 27038:2014 Information technology - Security techniques - Specification for digital redaction,27038,,,,,,,,,https://www.iso.org/standard/44382.html,,,
ISO-IEC-27039-2015,ISO/IEC 27039:2015,"ISO/IEC 27039:2015 Information technology - Security techniques - Selection, deployment and operations of intrusion detection and prevention systems (IDPS)",27039,,,,,,,,,https://www.iso.org/standard/56889.html,,,
ISO-IEC-27040-2015,ISO/IEC 27040:2015,ISO/IEC 27040:2015 Information technology - Security techniques - Storage security,27040,,,,,,,,,https://www.iso.org/standard/44404.html,,,
ISO-IEC-27041-2015,ISO/IEC 27041:2015,ISO/IEC 27041:2015 Information technology - Security techniques - Guidance on assuring suitability and adequacy of incident investigative method,27041,,,,,,,,,https://www.iso.org/standard/44405.html,,,
ISO-IEC-27042-2015,ISO/IEC 27042:2015,ISO/IEC 27042:2015 Information technology - Security techniques - Guidelines for the analysis and interpretation of digital evidence,27042,,,,,,,,,https://www.iso.org/standard/44406.html,,,
ISO-IEC-27043-2015,ISO/IEC 27043:2015,ISO/IEC 27043:2015 Information technology - Security techniques - Incident investigation principles and processes,27043,,,,,,,,,https://www.iso.org/standard/44407.html,,,
ISO-IEC-27050-1-2019,ISO/IEC 27050-1:2019,ISO/IEC 27050-1:2019 Information technology - Electronic discovery - Part 1: Overview and concepts,27050,,,,,,,,,https://www.iso.org/standard/78647.html,,,
ISO-IEC-27050-2-2018,ISO/IEC 27050-2:2018,ISO/IEC 27050-2:2018 Information technology - Electronic discovery - Part 2: Guidance for governance and management of electronic discovery,27050,,,,,,,,,https://www.iso.org/standard/66230.html,,,
ISO-IEC-27050-3-2020,ISO/IEC 27050-3:2020,ISO/IEC 27050-3:2020 Information technology - Electronic discovery - Part 3: Code of practice for electronic discovery,27050,,,,,,,,,https://www.iso.org/standard/78648.html,,,
ISO-IEC-27050-4-2021,ISO/IEC 27050-4:2021,ISO/IEC 27050-4:2021 Information technology - Electronic discovery - Part 4: Technical readiness,27050,,,,,,,,,https://www.iso.org/standard/74034.html,,,
ISO-IEC-27070-2021,ISO/IEC 27070:2021,ISO/IEC 27070:2021 Information technology - Security techniques - Requirements for establishing virtualized roots of trust,27070,,,,,,,,,https://www.iso.org/standard/56571.html,,,
ISO-IEC-27099-2022,ISO/IEC 27099:2022,ISO/IEC 27099:2022 Information technology - Public key infrastructure - Practices and policy framework,27099,,,,,,,,,https://www.iso.org/standard/56590.html,,,
ISO-IEC-TS-27100-2020,ISO/IEC TS 27100:2020,ISO/IEC TS 27100:2020 Information technology - Cybersecurity - Overview and concepts,27100,,,,,,,,,https://www.iso.org/standard/72434.html,,,
ISO-IEC-27102-2019,ISO/IEC 27102:2019,ISO/IEC 27102:2019 Information security management - Guidelines for cyber-insurance,27102,,,,,,,,,https://www.iso.org/standard/72436.html,,,
ISO-IEC-TR-27103-2018,ISO/IEC TR 27103:2018,ISO/IEC TR 27103:2018 Information technology - Security techniques - Cybersecurity and ISO and IEC Standards,27103,,,,,,,,,https://www.iso.org/standard/72437.html,,,
ISO-IEC-TS-27110-2021,ISO/IEC TS 27110:2021,"ISO/IEC TS 27110:2021 Information technology, cybersecurity and privacy protection - Cybersecurity framework development guidelines",27110,,,,,,,,,https://www.iso.org/standard/72435.html,,,
ISO-IEC-27400-2022,ISO/IEC 27400:2022,ISO/IEC 27400:2022 Cybersecurity - IoT security and privacy - Guidelines,27400,,,,,,,,,https://www.iso.org/standard/44373.html,,,
ISO-IEC-TR-27550-2019,ISO/IEC TR 27550:2019,ISO/IEC TR 27550:2019 Information technology - Security techniques - Privacy engineering for system life cycle processes,27550,,,,,,,,,https://www.iso.org/standard/72024.html,,,
ISO-IEC-27551-2021,ISO/IEC 27551:2021,"ISO/IEC 27551:2021 Information security, cybersecurity and privacy protection - Requirements for attribute-based unlinkable entity authentication",27551,,,,,,,,,https://www.iso.org/standard/72018.html,,,
ISO-IEC-27555-2021,ISO/IEC 27555:2021,"ISO/IEC 27555:2021 Information security, cybersecurity and privacy protection - Guidelines on personally identifiable information deletion",27555,,,,,,,,,https://www.iso.org/standard/71673.html,,,
ISO-IEC-TS-27570-2021,ISO/IEC TS 27570:2021,ISO/IEC TS 27570:2021 Privacy protection - Privacy guidelines for smart cities,27570,,,,,,,,,https://www.iso.org/standard/71678.html,,,
ISO-IEC-27701-2019,ISO/IEC 27701:2019,ISO/IEC 27701:2019 Security techniques - Extension to ISO/IEC 27001 and ISO/IEC 27002 for privacy information management - Requirements and guidelines,27701,,,,,,,,,https://www.iso.org/standard/71670.html,,,
ISO-IEC-TS-29003-2018,ISO/IEC TS 29003:2018,ISO/IEC TS 29003:2018 Information technology - Security techniques - Identity proofing,29003,,,,,,,,,https://www.iso.org/standard/62290.html,,,
ISO-IEC-29100-2011,ISO/IEC 29100:2011,ISO/IEC 29100:2011 Information technology - Security techniques - Privacy framework,29100,,,,,,,,,https://www.iso.org/standard/45123.html,,,
ISO-IEC-29100-2011-Amd-1-2018,ISO/IEC 29100:2011/Amd 1:2018,ISO/IEC 29100:2011/Amd 1:2018 Information technology - Security techniques - Privacy framework - Amendment 1: Clarifications,29100,,,,,,,,,https://www.iso.org/standard/73722.html,,,
ISO-IEC-29101-2018,ISO/IEC 29101:2018,ISO/IEC 29101:2018 Information technology - Security techniques - Privacy architecture framework,29101,,,,,,,,,https://www.iso.org/standard/75293.html,,,
ISO-IEC-29115-2013,ISO/IEC 29115:2013,ISO/IEC 29115:2013 Information technology - Security techniques - Entity authentication assurance framework,29115,,,,,,,,,https://www.iso.org/standard/45138.html,,,
ISO-IEC-29128-2011,ISO/IEC 29128:2011,ISO/IEC 29128:2011 Information technology - Security techniques - Verification of cryptographic protocols,29128,,,,,,,,,https://www.iso.org/standard/45151.html,,,
ISO-IEC-29134-2017,ISO/IEC 29134:2017,ISO/IEC 29134:2017 Information technology - Security techniques - Guidelines for privacy impact assessment,29134,,,,,,,,,https://www.iso.org/standard/62289.html,,,
ISO-IEC-29146-2016,ISO/IEC 29146:2016,ISO/IEC 29146:2016 Information technology - Security techniques - A framework for access management,29146,,,,,,,,,https://www.iso.org/standard/45169.html,,,
ISO-IEC-29147-2018,ISO/IEC 29147:2018,ISO/IEC 29147:2018 Information technology - Security techniques - Vulnerability disclosure,29147,,,,,,,,,https://www.iso.org/standard/72311.html,,,
ISO-IEC-TR-29149-2012,ISO/IEC TR 29149:2012,ISO/IEC TR 29149:2012 Information technology - Security techniques - Best practices for the provision and use of time-stamping services,29149,,,,,,,,,https://www.iso.org/standard/45172.html,,,
ISO-IEC-29150-2011,ISO/IEC 29150:2011,ISO/IEC 29150:2011 Information technology - Security techniques - Signcryption,29150,,,,,,,,,https://www.iso.org/standard/45173.html,,,
ISO-IEC-29150-2011-Cor-1-2014,ISO/IEC 29150:2011/Cor 1:2014,ISO/IEC 29150:2011/Cor 1:2014 Information technology - Security techniques - Signcryption - Technical Corrigendum 1,29150,,,,,,,,,https://www.iso.org/standard/64004.html,,,
ISO-IEC-29151-2017,ISO/IEC 29151:2017,ISO/IEC 29151:2017 Information technology - Security techniques - Code of practice for personally identifiable information protection,29151,,,,,,,,,https://www.iso.org/standard/62726.html,,,
ISO-IEC-29184-2020,ISO/IEC 29184:2020,ISO/IEC 29184:2020 Information technology - Online privacy notices and consent,29184,,,,,,,,,https://www.iso.org/standard/70331.html,,,
ISO-IEC-29190-2015,ISO/IEC 29190:2015,ISO/IEC 29190:2015 Information technology - Security techniques - Privacy capability assessment model,29190,,,,,,,,,https://www.iso.org/standard/45269.html,,,
ISO-IEC-29191-2012,ISO/IEC 29191:2012,"ISO/IEC 29191:2012 Information technology - Security techniques - Requirements for partially anonymous, partially unlinkable authentication.",29191,,,,,,,,,https://www.iso.org/standard/45270.html,,,
ISO-IEC-29192-1-2012,ISO/IEC 29192-1:2012,ISO/IEC 29192-1:2012 Information technology - Security techniques - Lightweight cryptography - Part 1: General,29192,,,,,,,,,https://www.iso.org/standard/56425.html,,,
ISO-IEC-29192-2-2019,ISO/IEC 29192-2:2019,ISO/IEC 29192-2:2019 Information security - Lightweight cryptography - Part 2: Block ciphers,29192,,,,,,,,,https://www.iso.org/standard/78477.html,,,
ISO-IEC-29192-3-2012,ISO/IEC 29192-3:2012,ISO/IEC 29192-3:2012 Information technology - Security techniques - Lightweight cryptography - Part 3: Stream ciphers,29192,,,,,,,,,https://www.iso.org/standard/56426.html,,,
ISO-IEC-29192-4-2013,ISO/IEC 29192-4:2013,ISO/IEC 29192-4:2013 Information technology - Security techniques - Lightweight cryptography - Part 4: Mechanisms using asymmetric techniques,29192,,,,,,,,,https://www.iso.org/standard/56427.html,,,
ISO-IEC-29192-4-2013-Amd-1-2016,ISO/IEC 29192-4:2013/Amd 1:2016,ISO/IEC 29192-4:2013/Amd 1:2016 Information technology - Security techniques - Lightweight cryptography - Part 4: Mechanisms using asymmetric techniques - Amendment 1,29192,,,,,,,,,https://www.iso.org/standard/64591.html,,,
ISO-IEC-29192-5-2016,ISO/IEC 29192-5:2016,ISO/IEC 29192-5:2016 Information technology - Security techniques - Lightweight cryptography - Part 5: Hash-functions,29192,,,,,,,,,https://www.iso.org/standard/67173.html,,,
ISO-IEC-29192-6-2019,ISO/IEC 29192-6:2019,ISO/IEC 29192-6:2019 Information technology - Lightweight cryptography - Part 6: Message authentication codes (MACs),29192,,,,,,,,,https://www.iso.org/standard/71116.html,,,
ISO-IEC-29192-7-2019,ISO/IEC 29192-7:2019,ISO/IEC 29192-7:2019 Information security - Lightweight cryptography - Part 7: Broadcast authentication protocols,29192,,,,,,,,,https://www.iso.org/standard/73905.html,,,
ISO-IEC-TS-30104-2015,ISO/IEC TS 30104:2015,"ISO/IEC TS 30104:2015 Information Technology - Security Techniques - Physical Security Attacks, Mitigation Techniques and Security Requirements",30104,,,,,,,,,https://www.iso.org/standard/56890.html,,,
ISO-IEC-30111-2019,ISO/IEC 30111:2019,ISO/IEC 30111:2019 Information technology - Security techniques - Vulnerability handling processes,30111,,,,,,,,,https://www.iso.org/standard/69725.html,,,
,,,,,,,,,,,,,,,
,,,,,,,,,,,,,,,
,,,,,,,,,,,,,,,
,,,,,,,,,,,,,,,
,,,,,,,,,,,,,,,
,,,,,,,,,,,,,,,
,,,,,,,,,,,,,,,
,,,,,,,,,,,,,,,
,,,,,,,,,,,,,,,
,,,,,,,,,,,,,,,
,,,,,,,,,,,,,,,
,,,,,,,,,,,,,,,
,,,,,,,,,,,,,,,
,,,,,,,,,,,,,,,
,,,,,,,,,,,,,,,
,,,,,,,,,,,,,,,
,,,,,,,,,,,,,,,
,,,,,,,,,,,,,,,
,,,,,,,,,,,,,,,
,,,,,,,,,,,,,,,
,,,,,,,,,,,,,,,
,,,,,,,,,,,,,,,
,,,,,,,,,,,,,,,
,,,,,,,,,,,,,,,
,,,,,,,,,,,,,,,
,,,,,,,,,,,,,,,
,,,,,,,,,,,,,,,
,,,,,,,,,,,,,,,
,,,,,,,,,,,,,,,
,,,,,,,,,,,,,,,
,,,,,,,,,,,,,,,
,,,,,,,,,,,,,,,
,,,,,,,,,,,,,,,
,,,,,,,,,,,,,,,
,,,,,,,,,,,,,,,
,,,,,,,,,,,,,,,
,,,,,,,,,,,,,,,
,,,,,,,,,,,,,,,
,,,,,,,,,,,,,,,
,,,,,,,,,,,,,,,
,,,,,,,,,,,,,,,
,,,,,,,,,,,,,,,
,,,,,,,,,,,,,,,
,,,,,,,,,,,,,,,
,,,,,,,,,,,,,,,
,,,,,,,,,,,,,,,
,,,,,,,,,,,,,,,
,,,,,,,,,,,,,,,
,,,,,,,,,,,,,,,
,,,,,,,,,,,,,,,
,,,,,,,,,,,,,,,
,,,,,,,,,,,,,,,
,,,,,,,,,,,,,,,
,,,,,,,,,,,,,,,
,,,,,,,,,,,,,,,
,,,,,,,,,,,,,,,
,,,,,,,,,,,,,,,
,,,,,,,,,,,,,,,
,,,,,,,,,,,,,,,
,,,,,,,,,,,,,,,
,,,,,,,,,,,,,,,
,,,,,,,,,,,,,,,
,,,,,,,,,,,,,,,
,,,,,,,,,,,,,,,
,,,,,,,,,,,,,,,
,,,,,,,,,,,,,,,
,,,,,,,,,,,,,,,
,,,,,,,,,,,,,,,
,,,,,,,,,,,,,,,
,,,,,,,,,,,,,,,
,,,,,,,,,,,,,,,
,,,,,,,,,,,,,,,
,,,,,,,,,,,,,,,
,,,,,,,,,,,,,,,
,,,,,,,,,,,,,,,
,,,,,,,,,,,,,,,
,,,,,,,,,,,,,,,
,,,,,,,,,,,,,,,
,,,,,,,,,,,,,,,
,,,,,,,,,,,,,,,
,,,,,,,,,,,,,,,
,,,,,,,,,,,,,,,
,,,,,,,,,,,,,,,
,,,,,,,,,,,,,,,
,,,,,,,,,,,,,,,
,,,,,,,,,,,,,,,
,,,,,,,,,,,,,,,
,,,,,,,,,,,,,,,
,,,,,,,,,,,,,,,
,,,,,,,,,,,,,,,
,,,,,,,,,,,,,,,
,,,,,,,,,,,,,,,
,,,,,,,,,,,,,,,
,,,,,,,,,,,,,,,
,,,,,,,,,,,,,,,
,,,,,,,,,,,,,,,
,,,,,,,,,,,,,,,
,,,,,,,,,,,,,,,
,,,,,,,,,,,,,,,
,,,,,,,,,,,,,,,
,,,,,,,,,,,,,,,
,,,,,,,,,,,,,,,
,,,,,,,,,,,,,,,
,,,,,,,,,,,,,,,
,,,,,,,,,,,,,,,
,,,,,,,,,,,,,,,
,,,,,,,,,,,,,,,
,,,,,,,,,,,,,,,
,,,,,,,,,,,,,,,
,,,,,,,,,,,,,,,
,,,,,,,,,,,,,,,
,,,,,,,,,,,,,,,
,,,,,,,,,,,,,,,
,,,,,,,,,,,,,,,
,,,,,,,,,,,,,,,
,,,,,,,,,,,,,,,
,,,,,,,,,,,,,,,
,,,,,,,,,,,,,,,
,,,,,,,,,,,,,,,
,,,,,,,,,,,,,,,
,,,,,,,,,,,,,,,
,,,,,,,,,,,,,,,
,,,,,,,,,,,,,,,
,,,,,,,,,,,,,,,
,,,,,,,,,,,,,,,
,,,,,,,,,,,,,,,
,,,,,,,,,,,,,,,
,,,,,,,,,,,,,,,
,,,,,,,,,,,,,,,
,,,,,,,,,,,,,,,
,,,,,,,,,,,,,,,
,,,,,,,,,,,,,,,
,,,,,,,,,,,,,,,
,,,,,,,,,,,,,,,
,,,,,,,,,,,,,,,
,,,,,,,,,,,,,,,
,,,,,,,,,,,,,,,
,,,,,,,,,,,,,,,
,,,,,,,,,,,,,,,
,,,,,,,,,,,,,,,
,,,,,,,,,,,,,,,
,,,,,,,,,,,,,,,
,,,,,,,,,,,,,,,
,,,,,,,,,,,,,,,
,,,,,,,,,,,,,,,
,,,,,,,,,,,,,,,
,,,,,,,,,,,,,,,
,,,,,,,,,,,,,,,
,,,,,,,,,,,,,,,
,,,,,,,,,,,,,,,
,,,,,,,,,,,,,,,
,,,,,,,,,,,,,,,
,,,,,,,,,,,,,,,
,,,,,,,,,,,,,,,
,,,,,,,,,,,,,,,
,,,,,,,,,,,,,,,
,,,,,,,,,,,,,,,
,,,,,,,,,,,,,,,
,,,,,,,,,,,,,,,
,,,,,,,,,,,,,,,
,,,,,,,,,,,,,,,
,,,,,,,,,,,,,,,
,,,,,,,,,,,,,,,
,,,,,,,,,,,,,,,
,,,,,,,,,,,,,,,
,,,,,,,,,,,,,,,
,,,,,,,,,,,,,,,
,,,,,,,,,,,,,,,
,,,,,,,,,,,,,,,
,,,,,,,,,,,,,,,
,,,,,,,,,,,,,,,
,,,,,,,,,,,,,,,
,,,,,,,,,,,,,,,
,,,,,,,,,,,,,,,
,,,,,,,,,,,,,,,
,,,,,,,,,,,,,,,
,,,,,,,,,,,,,,,
,,,,,,,,,,,,,,,
,,,,,,,,,,,,,,,
,,,,,,,,,,,,,,,
,,,,,,,,,,,,,,,
,,,,,,,,,,,,,,,
,,,,,,,,,,,,,,,
,,,,,,,,,,,,,,,
,,,,,,,,,,,,,,,
,,,,,,,,,,,,,,,
,,,,,,,,,,,,,,,
,,,,,,,,,,,,,,,
,,,,,,,,,,,,,,,
,,,,,,,,,,,,,,,
,,,,,,,,,,,,,,,
,,,,,,,,,,,,,,,
,,,,,,,,,,,,,,,
,,,,,,,,,,,,,,,
,,,,,,,,,,,,,,,
,,,,,,,,,,,,,,,
,,,,,,,,,,,,,,,
,,,,,,,,,,,,,,,
,,,,,,,,,,,,,,,
,,,,,,,,,,,,,,,
,,,,,,,,,,,,,,,
,,,,,,,,,,,,,,,
,,,,,,,,,,,,,,,
,,,,,,,,,,,,,,,
,,,,,,,,,,,,,,,
,,,,,,,,,,,,,,,
,,,,,,,,,,,,,,,
,,,,,,,,,,,,,,,
,,,,,,,,,,,,,,,
,,,,,,,,,,,,,,,
,,,,,,,,,,,,,,,
,,,,,,,,,,,,,,,
,,,,,,,,,,,,,,,
,,,,,,,,,,,,,,,
,,,,,,,,,,,,,,,
,,,,,,,,,,,,,,,
,,,,,,,,,,,,,,,
,,,,,,,,,,,,,,,
,,,,,,,,,,,,,,,
,,,,,,,,,,,,,,,
,,,,,,,,,,,,,,,
,,,,,,,,,,,,,,,
,,,,,,,,,,,,,,,
,,,,,,,,,,,,,,,
,,,,,,,,,,,,,,,
,,,,,,,,,,,,,,,
,,,,,,,,,,,,,,,
,,,,,,,,,,,,,,,
,,,,,,,,,,,,,,,
,,,,,,,,,,,,,,,
,,,,,,,,,,,,,,,
,,,,,,,,,,,,,,,
,,,,,,,,,,,,,,,
,,,,,,,,,,,,,,,
,,,,,,,,,,,,,,,
,,,,,,,,,,,,,,,
,,,,,,,,,,,,,,,
,,,,,,,,,,,,,,,
,,,,,,,,,,,,,,,
,,,,,,,,,,,,,,,
,,,,,,,,,,,,,,,
,,,,,,,,,,,,,,,
,,,,,,,,,,,,,,,
,,,,,,,,,,,,,,,
,,,,,,,,,,,,,,,
,,,,,,,,,,,,,,,
,,,,,,,,,,,,,,,
,,,,,,,,,,,,,,,
,,,,,,,,,,,,,,,
,,,,,,,,,,,,,,,
,,,,,,,,,,,,,,,
,,,,,,,,,,,,,,,
,,,,,,,,,,,,,,,
,,,,,,,,,,,,,,,
,,,,,,,,,,,,,,,
,,,,,,,,,,,,,,,
,,,,,,,,,,,,,,,
,,,,,,,,,,,,,,,
,,,,,,,,,,,,,,,
,,,,,,,,,,,,,,,
,,,,,,,,,,,,,,,
,,,,,,,,,,,,,,,
,,,,,,,,,,,,,,,
,,,,,,,,,,,,,,,
,,,,,,,,,,,,,,,
,,,,,,,,,,,,,,,
,,,,,,,,,,,,,,,
,,,,,,,,,,,,,,,
,,,,,,,,,,,,,,,
,,,,,,,,,,,,,,,
,,,,,,,,,,,,,,,
,,,,,,,,,,,,,,,
,,,,,,,,,,,,,,,
,,,,,,,,,,,,,,,
,,,,,,,,,,,,,,,
,,,,,,,,,,,,,,,
,,,,,,,,,,,,,,,
,,,,,,,,,,,,,,,
,,,,,,,,,,,,,,,
,,,,,,,,,,,,,,,
,,,,,,,,,,,,,,,
,,,,,,,,,,,,,,,
,,,,,,,,,,,,,,,
,,,,,,,,,,,,,,,
,,,,,,,,,,,,,,,
,,,,,,,,,,,,,,,
,,,,,,,,,,,,,,,
,,,,,,,,,,,,,,,
,,,,,,,,,,,,,,,
,,,,,,,,,,,,,,,
,,,,,,,,,,,,,,,
,,,,,,,,,,,,,,,
,,,,,,,,,,,,,,,
,,,,,,,,,,,,,,,
,,,,,,,,,,,,,,,
,,,,,,,,,,,,,,,
,,,,,,,,,,,,,,,
,,,,,,,,,,,,,,,
,,,,,,,,,,,,,,,
,,,,,,,,,,,,,,,
,,,,,,,,,,,,,,,
,,,,,,,,,,,,,,,
,,,,,,,,,,,,,,,
,,,,,,,,,,,,,,,
,,,,,,,,,,,,,,,
,,,,,,,,,,,,,,,
,,,,,,,,,,,,,,,
,,,,,,,,,,,,,,,
,,,,,,,,,,,,,,,
,,,,,,,,,,,,,,,
,,,,,,,,,,,,,,,
,,,,,,,,,,,,,,,
,,,,,,,,,,,,,,,
,,,,,,,,,,,,,,,
,,,,,,,,,,,,,,,
,,,,,,,,,,,,,,,
,,,,,,,,,,,,,,,
,,,,,,,,,,,,,,,
,,,,,,,,,,,,,,,
,,,,,,,,,,,,,,,
,,,,,,,,,,,,,,,
,,,,,,,,,,,,,,,
,,,,,,,,,,,,,,,
,,,,,,,,,,,,,,,
,,,,,,,,,,,,,,,
,,,,,,,,,,,,,,,
,,,,,,,,,,,,,,,
,,,,,,,,,,,,,,,
,,,,,,,,,,,,,,,
,,,,,,,,,,,,,,,
,,,,,,,,,,,,,,,
,,,,,,,,,,,,,,,
,,,,,,,,,,,,,,,
,,,,,,,,,,,,,,,
,,,,,,,,,,,,,,,
,,,,,,,,,,,,,,,
,,,,,,,,,,,,,,,
,,,,,,,,,,,,,,,
,,,,,,,,,,,,,,,
,,,,,,,,,,,,,,,
,,,,,,,,,,,,,,,
,,,,,,,,,,,,,,,
,,,,,,,,,,,,,,,
,,,,,,,,,,,,,,,
,,,,,,,,,,,,,,,
,,,,,,,,,,,,,,,
,,,,,,,,,,,,,,,
,,,,,,,,,,,,,,,
,,,,,,,,,,,,,,,
,,,,,,,,,,,,,,,
,,,,,,,,,,,,,,,
,,,,,,,,,,,,,,,
,,,,,,,,,,,,,,,
,,,,,,,,,,,,,,,
,,,,,,,,,,,,,,,
,,,,,,,,,,,,,,,
,,,,,,,,,,,,,,,
,,,,,,,,,,,,,,,
,,,,,,,,,,,,,,,
,,,,,,,,,,,,,,,
,,,,,,,,,,,,,,,
,,,,,,,,,,,,,,,
,,,,,,,,,,,,,,,
,,,,,,,,,,,,,,,
,,,,,,,,,,,,,,,
,,,,,,,,,,,,,,,
,,,,,,,,,,,,,,,
,,,,,,,,,,,,,,,
,,,,,,,,,,,,,,,
,,,,,,,,,,,,,,,
,,,,,,,,,,,,,,,
,,,,,,,,,,,,,,,
,,,,,,,,,,,,,,,
,,,,,,,,,,,,,,,
,,,,,,,,,,,,,,,
,,,,,,,,,,,,,,,
,,,,,,,,,,,,,,,
,,,,,,,,,,,,,,,
,,,,,,,,,,,,,,,
,,,,,,,,,,,,,,,
,,,,,,,,,,,,,,,
,,,,,,,,,,,,,,,
,,,,,,,,,,,,,,,
,,,,,,,,,,,,,,,
,,,,,,,,,,,,,,,
,,,,,,,,,,,,,,,
,,,,,,,,,,,,,,,
,,,,,,,,,,,,,,,
,,,,,,,,,,,,,,,
,,,,,,,,,,,,,,,
,,,,,,,,,,,,,,,
,,,,,,,,,,,,,,,
,,,,,,,,,,,,,,,
,,,,,,,,,,,,,,,
,,,,,,,,,,,,,,,
,,,,,,,,,,,,,,,
,,,,,,,,,,,,,,,
,,,,,,,,,,,,,,,
,,,,,,,,,,,,,,,
,,,,,,,,,,,,,,,
,,,,,,,,,,,,,,,
,,,,,,,,,,,,,,,
,,,,,,,,,,,,,,,
,,,,,,,,,,,,,,,
,,,,,,,,,,,,,,,
,,,,,,,,,,,,,,,
,,,,,,,,,,,,,,,
,,,,,,,,,,,,,,,
,,,,,,,,,,,,,,,
,,,,,,,,,,,,,,,
,,,,,,,,,,,,,,,
,,,,,,,,,,,,,,,
,,,,,,,,,,,,,,,
,,,,,,,,,,,,,,,
,,,,,,,,,,,,,,,
,,,,,,,,,,,,,,,
,,,,,,,,,,,,,,,
,,,,,,,,,,,,,,,
,,,,,,,,,,,,,,,
,,,,,,,,,,,,,,,
,,,,,,,,,,,,,,,
,,,,,,,,,,,,,,,
,,,,,,,,,,,,,,,
,,,,,,,,,,,,,,,
,,,,,,,,,,,,,,,
,,,,,,,,,,,,,,,
,,,,,,,,,,,,,,,
,,,,,,,,,,,,,,,
,,,,,,,,,,,,,,,
,,,,,,,,,,,,,,,
,,,,,,,,,,,,,,,
,,,,,,,,,,,,,,,
,,,,,,,,,,,,,,,
,,,,,,,,,,,,,,,
,,,,,,,,,,,,,,,
,,,,,,,,,,,,,,,
,,,,,,,,,,,,,,,
,,,,,,,,,,,,,,,
,,,,,,,,,,,,,,,
,,,,,,,,,,,,,,,
,,,,,,,,,,,,,,,
,,,,,,,,,,,,,,,
,,,,,,,,,,,,,,,
,,,,,,,,,,,,,,,
,,,,,,,,,,,,,,,
,,,,,,,,,,,,,,,
,,,,,,,,,,,,,,,
,,,,,,,,,,,,,,,
,,,,,,,,,,,,,,,
,,,,,,,,,,,,,,,
,,,,,,,,,,,,,,,
,,,,,,,,,,,,,,,
,,,,,,,,,,,,,,,
,,,,,,,,,,,,,,,
,,,,,,,,,,,,,,,
,,,,,,,,,,,,,,,
,,,,,,,,,,,,,,,
,,,,,,,,,,,,,,,
,,,,,,,,,,,,,,,
,,,,,,,,,,,,,,,
,,,,,,,,,,,,,,,
,,,,,,,,,,,,,,,
,,,,,,,,,,,,,,,
,,,,,,,,,,,,,,,
,,,,,,,,,,,,,,,
,,,,,,,,,,,,,,,
,,,,,,,,,,,,,,,
,,,,,,,,,,,,,,,
,,,,,,,,,,,,,,,
,,,,,,,,,,,,,,,
,,,,,,,,,,,,,,,
,,,,,,,,,,,,,,,
,,,,,,,,,,,,,,,
,,,,,,,,,,,,,,,
,,,,,,,,,,,,,,,
,,,,,,,,,,,,,,,
,,,,,,,,,,,,,,,
,,,,,,,,,,,,,,,
,,,,,,,,,,,,,,,
,,,,,,,,,,,,,,,
,,,,,,,,,,,,,,,
,,,,,,,,,,,,,,,
,,,,,,,,,,,,,,,
,,,,,,,,,,,,,,,
,,,,,,,,,,,,,,,
,,,,,,,,,,,,,,,
,,,,,,,,,,,,,,,
,,,,,,,,,,,,,,,
,,,,,,,,,,,,,,,
,,,,,,,,,,,,,,,
,,,,,,,,,,,,,,,
,,,,,,,,,,,,,,,
,,,,,,,,,,,,,,,
,,,,,,,,,,,,,,,
,,,,,,,,,,,,,,,
,,,,,,,,,,,,,,,
,,,,,,,,,,,,,,,
,,,,,,,,,,,,,,,
,,,,,,,,,,,,,,,
,,,,,,,,,,,,,,,
,,,,,,,,,,,,,,,
,,,,,,,,,,,,,,,
,,,,,,,,,,,,,,,
,,,,,,,,,,,,,,,
,,,,,,,,,,,,,,,
,,,,,,,,,,,,,,,
,,,,,,,,,,,,,,,
,,,,,,,,,,,,,,,
,,,,,,,,,,,,,,,
,,,,,,,,,,,,,,,
,,,,,,,,,,,,,,,
,,,,,,,,,,,,,,,
,,,,,,,,,,,,,,,
,,,,,,,,,,,,,,,
,,,,,,,,,,,,,,,
,,,,,,,,,,,,,,,
,,,,,,,,,,,,,,,
,,,,,,,,,,,,,,,
,,,,,,,,,,,,,,,
,,,,,,,,,,,,,,,
,,,,,,,,,,,,,,,
,,,,,,,,,,,,,,,
,,,,,,,,,,,,,,,
,,,,,,,,,,,,,,,
,,,,,,,,,,,,,,,
,,,,,,,,,,,,,,,
,,,,,,,,,,,,,,,
,,,,,,,,,,,,,,,
,,,,,,,,,,,,,,,
,,,,,,,,,,,,,,,
,,,,,,,,,,,,,,,
,,,,,,,,,,,,,,,
,,,,,,,,,,,,,,,
,,,,,,,,,,,,,,,
,,,,,,,,,,,,,,,
,,,,,,,,,,,,,,,
,,,,,,,,,,,,,,,
,,,,,,,,,,,,,,,
,,,,,,,,,,,,,,,
,,,,,,,,,,,,,,,
,,,,,,,,,,,,,,,
,,,,,,,,,,,,,,,
,,,,,,,,,,,,,,,
,,,,,,,,,,,,,,,
,,,,,,,,,,,,,,,
,,,,,,,,,,,,,,,
,,,,,,,,,,,,,,,
,,,,,,,,,,,,,,,
,,,,,,,,,,,,,,,
,,,,,,,,,,,,,,,
,,,,,,,,,,,,,,,
,,,,,,,,,,,,,,,
,,,,,,,,,,,,,,,
,,,,,,,,,,,,,,,
,,,,,,,,,,,,,,,
,,,,,,,,,,,,,,,
,,,,,,,,,,,,,,,
,,,,,,,,,,,,,,,
,,,,,,,,,,,,,,,
,,,,,,,,,,,,,,,
,,,,,,,,,,,,,,,
,,,,,,,,,,,,,,,
,,,,,,,,,,,,,,,
,,,,,,,,,,,,,,,
,,,,,,,,,,,,,,,
,,,,,,,,,,,,,,,
,,,,,,,,,,,,,,,
,,,,,,,,,,,,,,,
,,,,,,,,,,,,,,,
,,,,,,,,,,,,,,,
,,,,,,,,,,,,,,,
,,,,,,,,,,,,,,,
,,,,,,,,,,,,,,,
,,,,,,,,,,,,,,,
,,,,,,,,,,,,,,,
,,,,,,,,,,,,,,,
,,,,,,,,,,,,,,,
,,,,,,,,,,,,,,,
,,,,,,,,,,,,,,,
,,,,,,,,,,,,,,,
,,,,,,,,,,,,,,,
,,,,,,,,,,,,,,,
,,,,,,,,,,,,,,,
,,,,,,,,,,,,,,,
,,,,,,,,,,,,,,,
,,,,,,,,,,,,,,,
,,,,,,,,,,,,,,,
,,,,,,,,,,,,,,,
,,,,,,,,,,,,,,,
,,,,,,,,,,,,,,,
,,,,,,,,,,,,,,,
,,,,,,,,,,,,,,,
,,,,,,,,,,,,,,,
,,,,,,,,,,,,,,,
,,,,,,,,,,,,,,,
,,,,,,,,,,,,,,,
,,,,,,,,,,,,,,,
,,,,,,,,,,,,,,,
,,,,,,,,,,,,,,,
,,,,,,,,,,,,,,,
,,,,,,,,,,,,,,,
,,,,,,,,,,,,,,,
,,,,,,,,,,,,,,,
,,,,,,,,,,,,,,,
,,,,,,,,,,,,,,,
,,,,,,,,,,,,,,,
,,,,,,,,,,,,,,,
,,,,,,,,,,,,,,,
,,,,,,,,,,,,,,,
,,,,,,,,,,,,,,,
,,,,,,,,,,,,,,,
,,,,,,,,,,,,,,,
,,,,,,,,,,,,,,,
,,,,,,,,,,,,,,,
,,,,,,,,,,,,,,,
,,,,,,,,,,,,,,,
,,,,,,,,,,,,,,,
,,,,,,,,,,,,,,,
,,,,,,,,,,,,,,,
,,,,,,,,,,,,,,,
,,,,,,,,,,,,,,,
,,,,,,,,,,,,,,,
,,,,,,,,,,,,,,,
,,,,,,,,,,,,,,,
,,,,,,,,,,,,,,,
,,,,,,,,,,,,,,,
,,,,,,,,,,,,,,,
,,,,,,,,,,,,,,,
,,,,,,,,,,,,,,,
,,,,,,,,,,,,,,,
,,,,,,,,,,,,,,,
,,,,,,,,,,,,,,,
,,,,,,,,,,,,,,,
,,,,,,,,,,,,,,,
,,,,,,,,,,,,,,,
,,,,,,,,,,,,,,,
,,,,,,,,,,,,,,,
,,,,,,,,,,,,,,,
,,,,,,,,,,,,,,,
,,,,,,,,,,,,,,,
,,,,,,,,,,,,,,,
,,,,,,,,,,,,,,,
,,,,,,,,,,,,,,,
,,,,,,,,,,,,,,,
,,,,,,,,,,,,,,,
,,,,,,,,,,,,,,,
,,,,,,,,,,,,,,,
,,,,,,,,,,,,,,,
,,,,,,,,,,,,,,,
,,,,,,,,,,,,,,,
,,,,,,,,,,,,,,,
,,,,,,,,,,,,,,,
,,,,,,,,,,,,,,,
,,,,,,,,,,,,,,,
,,,,,,,,,,,,,,,
,,,,,,,,,,,,,,,
,,,,,,,,,,,,,,,
,,,,,,,,,,,,,,,
,,,,,,,,,,,,,,,
,,,,,,,,,,,,,,,
,,,,,,,,,,,,,,,
,,,,,,,,,,,,,,,
,,,,,,,,,,,,,,,
,,,,,,,,,,,,,,,
,,,,,,,,,,,,,,,
,,,,,,,,,,,,,,,
,,,,,,,,,,,,,,,
,,,,,,,,,,,,,,,
,,,,,,,,,,,,,,,
,,,,,,,,,,,,,,,
,,,,,,,,,,,,,,,
,,,,,,,,,,,,,,,
,,,,,,,,,,,,,,,
,,,,,,,,,,,,,,,
,,,,,,,,,,,,,,,
,,,,,,,,,,,,,,,
